ISO-10303-21;
HEADER;
FILE_DESCRIPTION(('FreeCAD Model'),'2;1');
FILE_NAME('Open CASCADE Shape Model','2025-01-09T23:53:23',(''),(''),
  'Open CASCADE STEP processor 7.8','FreeCAD','Unknown');
FILE_SCHEMA(('AUTOMOTIVE_DESIGN { 1 0 10303 214 1 1 1 1 }'));
ENDSEC;
DATA;
#1 = APPLICATION_PROTOCOL_DEFINITION('international standard',
  'automotive_design',2000,#2);
#2 = APPLICATION_CONTEXT(
  'core data for automotive mechanical design processes');
#3 = SHAPE_DEFINITION_REPRESENTATION(#4,#10);
#4 = PRODUCT_DEFINITION_SHAPE('','',#5);
#5 = PRODUCT_DEFINITION('design','',#6,#9);
#6 = PRODUCT_DEFINITION_FORMATION('','',#7);
#7 = PRODUCT('Unnamed','Unnamed','',(#8));
#8 = PRODUCT_CONTEXT('',#2,'mechanical');
#9 = PRODUCT_DEFINITION_CONTEXT('part definition',#2,'design');
#10 = SHAPE_REPRESENTATION('',(#11,#15,#19),#23);
#11 = AXIS2_PLACEMENT_3D('',#12,#13,#14);
#12 = CARTESIAN_POINT('',(0.,0.,0.));
#13 = DIRECTION('',(0.,0.,1.));
#14 = DIRECTION('',(1.,0.,-0.));
#15 = AXIS2_PLACEMENT_3D('',#16,#17,#18);
#16 = CARTESIAN_POINT('',(0.,0.,0.));
#17 = DIRECTION('',(0.,0.,1.));
#18 = DIRECTION('',(1.,0.,0.));
#19 = AXIS2_PLACEMENT_3D('',#20,#21,#22);
#20 = CARTESIAN_POINT('',(0.,0.,0.));
#21 = DIRECTION('',(0.,0.,1.));
#22 = DIRECTION('',(1.,0.,0.));
#23 = ( GEOMETRIC_REPRESENTATION_CONTEXT(3) 
GLOBAL_UNCERTAINTY_ASSIGNED_CONTEXT((#27)) GLOBAL_UNIT_ASSIGNED_CONTEXT(
(#24,#25,#26)) REPRESENTATION_CONTEXT('Context #1',
  '3D Context with UNIT and UNCERTAINTY') );
#24 = ( LENGTH_UNIT() NAMED_UNIT(*) SI_UNIT(.MILLI.,.METRE.) );
#25 = ( NAMED_UNIT(*) PLANE_ANGLE_UNIT() SI_UNIT($,.RADIAN.) );
#26 = ( NAMED_UNIT(*) SI_UNIT($,.STERADIAN.) SOLID_ANGLE_UNIT() );
#27 = UNCERTAINTY_MEASURE_WITH_UNIT(LENGTH_MEASURE(1.E-05),#24,
  'distance_accuracy_value','confusion accuracy');
#28 = PRODUCT_RELATED_PRODUCT_CATEGORY('part',$,(#7));
#29 = SHAPE_DEFINITION_REPRESENTATION(#30,#36);
#30 = PRODUCT_DEFINITION_SHAPE('','',#31);
#31 = PRODUCT_DEFINITION('design','',#32,#35);
#32 = PRODUCT_DEFINITION_FORMATION('','',#33);
#33 = PRODUCT('Array','Array','',(#34));
#34 = PRODUCT_CONTEXT('',#2,'mechanical');
#35 = PRODUCT_DEFINITION_CONTEXT('part definition',#2,'design');
#36 = SHAPE_REPRESENTATION('',(#11,#37,#41,#45,#49,#53,#57,#61),#65);
#37 = AXIS2_PLACEMENT_3D('',#38,#39,#40);
#38 = CARTESIAN_POINT('',(0.,-3.937,0.));
#39 = DIRECTION('',(0.,0.,1.));
#40 = DIRECTION('',(1.,0.,0.));
#41 = AXIS2_PLACEMENT_3D('',#42,#43,#44);
#42 = CARTESIAN_POINT('',(-2.54,-3.937,0.));
#43 = DIRECTION('',(0.,0.,1.));
#44 = DIRECTION('',(1.,0.,0.));
#45 = AXIS2_PLACEMENT_3D('',#46,#47,#48);
#46 = CARTESIAN_POINT('',(-5.08,-3.937,0.));
#47 = DIRECTION('',(0.,0.,1.));
#48 = DIRECTION('',(1.,0.,0.));
#49 = AXIS2_PLACEMENT_3D('',#50,#51,#52);
#50 = CARTESIAN_POINT('',(-7.62,-3.937,0.));
#51 = DIRECTION('',(0.,0.,1.));
#52 = DIRECTION('',(1.,0.,0.));
#53 = AXIS2_PLACEMENT_3D('',#54,#55,#56);
#54 = CARTESIAN_POINT('',(-10.16,-3.937,0.));
#55 = DIRECTION('',(0.,0.,1.));
#56 = DIRECTION('',(1.,0.,0.));
#57 = AXIS2_PLACEMENT_3D('',#58,#59,#60);
#58 = CARTESIAN_POINT('',(-12.7,-3.937,0.));
#59 = DIRECTION('',(0.,0.,1.));
#60 = DIRECTION('',(1.,0.,0.));
#61 = AXIS2_PLACEMENT_3D('',#62,#63,#64);
#62 = CARTESIAN_POINT('',(-15.24,-3.937,0.));
#63 = DIRECTION('',(0.,0.,1.));
#64 = DIRECTION('',(1.,0.,0.));
#65 = ( GEOMETRIC_REPRESENTATION_CONTEXT(3) 
GLOBAL_UNCERTAINTY_ASSIGNED_CONTEXT((#69)) GLOBAL_UNIT_ASSIGNED_CONTEXT(
(#66,#67,#68)) REPRESENTATION_CONTEXT('Context #1',
  '3D Context with UNIT and UNCERTAINTY') );
#66 = ( LENGTH_UNIT() NAMED_UNIT(*) SI_UNIT(.MILLI.,.METRE.) );
#67 = ( NAMED_UNIT(*) PLANE_ANGLE_UNIT() SI_UNIT($,.RADIAN.) );
#68 = ( NAMED_UNIT(*) SI_UNIT($,.STERADIAN.) SOLID_ANGLE_UNIT() );
#69 = UNCERTAINTY_MEASURE_WITH_UNIT(LENGTH_MEASURE(1.E-07),#66,
  'distance_accuracy_value','confusion accuracy');
#70 = CONTEXT_DEPENDENT_SHAPE_REPRESENTATION(#71,#73);
#71 = ( REPRESENTATION_RELATIONSHIP('','',#36,#10) 
REPRESENTATION_RELATIONSHIP_WITH_TRANSFORMATION(#72) 
SHAPE_REPRESENTATION_RELATIONSHIP() );
#72 = ITEM_DEFINED_TRANSFORMATION('','',#11,#15);
#73 = PRODUCT_DEFINITION_SHAPE('Placement','Placement of an item',#74);
#74 = NEXT_ASSEMBLY_USAGE_OCCURRENCE('575','Array','',#5,#31,$);
#75 = PRODUCT_RELATED_PRODUCT_CATEGORY('part',$,(#33));
#76 = SHAPE_DEFINITION_REPRESENTATION(#77,#83);
#77 = PRODUCT_DEFINITION_SHAPE('','',#78);
#78 = PRODUCT_DEFINITION('design','',#79,#82);
#79 = PRODUCT_DEFINITION_FORMATION('','',#80);
#80 = PRODUCT('Body001','Body001','',(#81));
#81 = PRODUCT_CONTEXT('',#2,'mechanical');
#82 = PRODUCT_DEFINITION_CONTEXT('part definition',#2,'design');
#83 = ADVANCED_BREP_SHAPE_REPRESENTATION('',(#11,#84),#426);
#84 = MANIFOLD_SOLID_BREP('',#85);
#85 = CLOSED_SHELL('',(#86,#126,#157,#188,#219,#250,#272,#296,#320,#344,
    #361,#385,#402,#414));
#86 = ADVANCED_FACE('',(#87),#121,.T.);
#87 = FACE_BOUND('',#88,.T.);
#88 = EDGE_LOOP('',(#89,#99,#107,#115));
#89 = ORIENTED_EDGE('',*,*,#90,.T.);
#90 = EDGE_CURVE('',#91,#93,#95,.T.);
#91 = VERTEX_POINT('',#92);
#92 = CARTESIAN_POINT('',(-0.3175,0.381,-0.3175));
#93 = VERTEX_POINT('',#94);
#94 = CARTESIAN_POINT('',(-0.3175,13.589,-0.3175));
#95 = LINE('',#96,#97);
#96 = CARTESIAN_POINT('',(-0.3175,-7.04991620637E-17,-0.3175));
#97 = VECTOR('',#98,1.);
#98 = DIRECTION('',(0.,1.,-2.22044604925E-16));
#99 = ORIENTED_EDGE('',*,*,#100,.T.);
#100 = EDGE_CURVE('',#93,#101,#103,.T.);
#101 = VERTEX_POINT('',#102);
#102 = CARTESIAN_POINT('',(0.3175,13.589,-0.3175));
#103 = LINE('',#104,#105);
#104 = CARTESIAN_POINT('',(-0.3175,13.589,-0.3175));
#105 = VECTOR('',#106,1.);
#106 = DIRECTION('',(1.,0.,0.));
#107 = ORIENTED_EDGE('',*,*,#108,.F.);
#108 = EDGE_CURVE('',#109,#101,#111,.T.);
#109 = VERTEX_POINT('',#110);
#110 = CARTESIAN_POINT('',(0.3175,0.381,-0.3175));
#111 = LINE('',#112,#113);
#112 = CARTESIAN_POINT('',(0.3175,-7.04991620637E-17,-0.3175));
#113 = VECTOR('',#114,1.);
#114 = DIRECTION('',(0.,1.,-2.22044604925E-16));
#115 = ORIENTED_EDGE('',*,*,#116,.F.);
#116 = EDGE_CURVE('',#91,#109,#117,.T.);
#117 = LINE('',#118,#119);
#118 = CARTESIAN_POINT('',(-0.3175,0.381,-0.3175));
#119 = VECTOR('',#120,1.);
#120 = DIRECTION('',(1.,0.,0.));
#121 = PLANE('',#122);
#122 = AXIS2_PLACEMENT_3D('',#123,#124,#125);
#123 = CARTESIAN_POINT('',(-0.3175,-7.04991620637E-17,-0.3175));
#124 = DIRECTION('',(0.,-2.22044604925E-16,-1.));
#125 = DIRECTION('',(1.,0.,0.));
#126 = ADVANCED_FACE('',(#127),#152,.T.);
#127 = FACE_BOUND('',#128,.T.);
#128 = EDGE_LOOP('',(#129,#139,#145,#146));
#129 = ORIENTED_EDGE('',*,*,#130,.T.);
#130 = EDGE_CURVE('',#131,#133,#135,.T.);
#131 = VERTEX_POINT('',#132);
#132 = CARTESIAN_POINT('',(-0.3175,0.381,0.3175));
#133 = VERTEX_POINT('',#134);
#134 = CARTESIAN_POINT('',(-0.3175,13.589,0.3175));
#135 = LINE('',#136,#137);
#136 = CARTESIAN_POINT('',(-0.3175,7.04991620637E-17,0.3175));
#137 = VECTOR('',#138,1.);
#138 = DIRECTION('',(0.,1.,-2.22044604925E-16));
#139 = ORIENTED_EDGE('',*,*,#140,.T.);
#140 = EDGE_CURVE('',#133,#93,#141,.T.);
#141 = LINE('',#142,#143);
#142 = CARTESIAN_POINT('',(-0.3175,13.589,0.3175));
#143 = VECTOR('',#144,1.);
#144 = DIRECTION('',(0.,-2.22044604925E-16,-1.));
#145 = ORIENTED_EDGE('',*,*,#90,.F.);
#146 = ORIENTED_EDGE('',*,*,#147,.F.);
#147 = EDGE_CURVE('',#131,#91,#148,.T.);
#148 = LINE('',#149,#150);
#149 = CARTESIAN_POINT('',(-0.3175,0.381,0.3175));
#150 = VECTOR('',#151,1.);
#151 = DIRECTION('',(0.,-2.22044604925E-16,-1.));
#152 = PLANE('',#153);
#153 = AXIS2_PLACEMENT_3D('',#154,#155,#156);
#154 = CARTESIAN_POINT('',(-0.3175,7.04991620637E-17,0.3175));
#155 = DIRECTION('',(-1.,0.,0.));
#156 = DIRECTION('',(0.,-2.22044604925E-16,-1.));
#157 = ADVANCED_FACE('',(#158),#183,.F.);
#158 = FACE_BOUND('',#159,.F.);
#159 = EDGE_LOOP('',(#160,#168,#176,#182));
#160 = ORIENTED_EDGE('',*,*,#161,.F.);
#161 = EDGE_CURVE('',#162,#91,#164,.T.);
#162 = VERTEX_POINT('',#163);
#163 = CARTESIAN_POINT('',(-0.1905,-1.321165399304E-17,-0.1905));
#164 = LINE('',#165,#166);
#165 = CARTESIAN_POINT('',(-0.230909090909,0.121227272727,
    -0.230909090909));
#166 = VECTOR('',#167,1.);
#167 = DIRECTION('',(-0.301511344578,0.904534033733,-0.301511344578));
#168 = ORIENTED_EDGE('',*,*,#169,.T.);
#169 = EDGE_CURVE('',#162,#170,#172,.T.);
#170 = VERTEX_POINT('',#171);
#171 = CARTESIAN_POINT('',(0.1905,-1.321165399304E-17,-0.1905));
#172 = LINE('',#173,#174);
#173 = CARTESIAN_POINT('',(-0.3175,-1.232595164408E-32,-0.1905));
#174 = VECTOR('',#175,1.);
#175 = DIRECTION('',(1.,0.,0.));
#176 = ORIENTED_EDGE('',*,*,#177,.T.);
#177 = EDGE_CURVE('',#170,#109,#178,.T.);
#178 = LINE('',#179,#180);
#179 = CARTESIAN_POINT('',(0.230909090909,0.121227272727,-0.230909090909
    ));
#180 = VECTOR('',#181,1.);
#181 = DIRECTION('',(0.301511344578,0.904534033733,-0.301511344578));
#182 = ORIENTED_EDGE('',*,*,#116,.F.);
#183 = PLANE('',#184);
#184 = AXIS2_PLACEMENT_3D('',#185,#186,#187);
#185 = CARTESIAN_POINT('',(-0.3175,0.1905,-0.254));
#186 = DIRECTION('',(0.,0.316227766017,0.948683298051));
#187 = DIRECTION('',(1.,0.,0.));
#188 = ADVANCED_FACE('',(#189),#214,.T.);
#189 = FACE_BOUND('',#190,.T.);
#190 = EDGE_LOOP('',(#191,#199,#207,#213));
#191 = ORIENTED_EDGE('',*,*,#192,.F.);
#192 = EDGE_CURVE('',#193,#93,#195,.T.);
#193 = VERTEX_POINT('',#194);
#194 = CARTESIAN_POINT('',(-0.1905,13.97,-0.1905));
#195 = LINE('',#196,#197);
#196 = CARTESIAN_POINT('',(-0.230909090909,13.848772727273,
    -0.230909090909));
#197 = VECTOR('',#198,1.);
#198 = DIRECTION('',(-0.301511344578,-0.904534033733,-0.301511344578));
#199 = ORIENTED_EDGE('',*,*,#200,.T.);
#200 = EDGE_CURVE('',#193,#201,#203,.T.);
#201 = VERTEX_POINT('',#202);
#202 = CARTESIAN_POINT('',(0.1905,13.97,-0.1905));
#203 = LINE('',#204,#205);
#204 = CARTESIAN_POINT('',(-0.3175,13.97,-0.1905));
#205 = VECTOR('',#206,1.);
#206 = DIRECTION('',(1.,0.,0.));
#207 = ORIENTED_EDGE('',*,*,#208,.T.);
#208 = EDGE_CURVE('',#201,#101,#209,.T.);
#209 = LINE('',#210,#211);
#210 = CARTESIAN_POINT('',(0.230909090909,13.848772727273,
    -0.230909090909));
#211 = VECTOR('',#212,1.);
#212 = DIRECTION('',(0.301511344578,-0.904534033733,-0.301511344578));
#213 = ORIENTED_EDGE('',*,*,#100,.F.);
#214 = PLANE('',#215);
#215 = AXIS2_PLACEMENT_3D('',#216,#217,#218);
#216 = CARTESIAN_POINT('',(-0.3175,13.7795,-0.254));
#217 = DIRECTION('',(0.,0.316227766017,-0.948683298051));
#218 = DIRECTION('',(1.,0.,0.));
#219 = ADVANCED_FACE('',(#220),#245,.T.);
#220 = FACE_BOUND('',#221,.T.);
#221 = EDGE_LOOP('',(#222,#223,#231,#239));
#222 = ORIENTED_EDGE('',*,*,#108,.T.);
#223 = ORIENTED_EDGE('',*,*,#224,.T.);
#224 = EDGE_CURVE('',#101,#225,#227,.T.);
#225 = VERTEX_POINT('',#226);
#226 = CARTESIAN_POINT('',(0.3175,13.589,0.3175));
#227 = LINE('',#228,#229);
#228 = CARTESIAN_POINT('',(0.3175,13.589,-0.3175));
#229 = VECTOR('',#230,1.);
#230 = DIRECTION('',(0.,2.22044604925E-16,1.));
#231 = ORIENTED_EDGE('',*,*,#232,.F.);
#232 = EDGE_CURVE('',#233,#225,#235,.T.);
#233 = VERTEX_POINT('',#234);
#234 = CARTESIAN_POINT('',(0.3175,0.381,0.3175));
#235 = LINE('',#236,#237);
#236 = CARTESIAN_POINT('',(0.3175,7.04991620637E-17,0.3175));
#237 = VECTOR('',#238,1.);
#238 = DIRECTION('',(0.,1.,-2.22044604925E-16));
#239 = ORIENTED_EDGE('',*,*,#240,.F.);
#240 = EDGE_CURVE('',#109,#233,#241,.T.);
#241 = LINE('',#242,#243);
#242 = CARTESIAN_POINT('',(0.3175,0.381,-0.3175));
#243 = VECTOR('',#244,1.);
#244 = DIRECTION('',(0.,2.22044604925E-16,1.));
#245 = PLANE('',#246);
#246 = AXIS2_PLACEMENT_3D('',#247,#248,#249);
#247 = CARTESIAN_POINT('',(0.3175,-7.04991620637E-17,-0.3175));
#248 = DIRECTION('',(1.,0.,0.));
#249 = DIRECTION('',(0.,2.22044604925E-16,1.));
#250 = ADVANCED_FACE('',(#251),#267,.T.);
#251 = FACE_BOUND('',#252,.T.);
#252 = EDGE_LOOP('',(#253,#254,#260,#261));
#253 = ORIENTED_EDGE('',*,*,#232,.T.);
#254 = ORIENTED_EDGE('',*,*,#255,.T.);
#255 = EDGE_CURVE('',#225,#133,#256,.T.);
#256 = LINE('',#257,#258);
#257 = CARTESIAN_POINT('',(0.3175,13.589,0.3175));
#258 = VECTOR('',#259,1.);
#259 = DIRECTION('',(-1.,-0.,0.));
#260 = ORIENTED_EDGE('',*,*,#130,.F.);
#261 = ORIENTED_EDGE('',*,*,#262,.F.);
#262 = EDGE_CURVE('',#233,#131,#263,.T.);
#263 = LINE('',#264,#265);
#264 = CARTESIAN_POINT('',(0.3175,0.381,0.3175));
#265 = VECTOR('',#266,1.);
#266 = DIRECTION('',(-1.,-0.,0.));
#267 = PLANE('',#268);
#268 = AXIS2_PLACEMENT_3D('',#269,#270,#271);
#269 = CARTESIAN_POINT('',(0.3175,7.04991620637E-17,0.3175));
#270 = DIRECTION('',(0.,2.22044604925E-16,1.));
#271 = DIRECTION('',(-1.,0.,0.));
#272 = ADVANCED_FACE('',(#273),#291,.F.);
#273 = FACE_BOUND('',#274,.F.);
#274 = EDGE_LOOP('',(#275,#283,#289,#290));
#275 = ORIENTED_EDGE('',*,*,#276,.F.);
#276 = EDGE_CURVE('',#277,#131,#279,.T.);
#277 = VERTEX_POINT('',#278);
#278 = CARTESIAN_POINT('',(-0.1905,-4.229949723822E-17,0.1905));
#279 = LINE('',#280,#281);
#280 = CARTESIAN_POINT('',(-0.230909090909,0.121227272727,0.230909090909
    ));
#281 = VECTOR('',#282,1.);
#282 = DIRECTION('',(-0.301511344578,0.904534033733,0.301511344578));
#283 = ORIENTED_EDGE('',*,*,#284,.T.);
#284 = EDGE_CURVE('',#277,#162,#285,.T.);
#285 = LINE('',#286,#287);
#286 = CARTESIAN_POINT('',(-0.1905,1.232595164408E-32,0.3175));
#287 = VECTOR('',#288,1.);
#288 = DIRECTION('',(0.,-2.22044604925E-16,-1.));
#289 = ORIENTED_EDGE('',*,*,#161,.T.);
#290 = ORIENTED_EDGE('',*,*,#147,.F.);
#291 = PLANE('',#292);
#292 = AXIS2_PLACEMENT_3D('',#293,#294,#295);
#293 = CARTESIAN_POINT('',(-0.254,0.1905,0.3175));
#294 = DIRECTION('',(0.948683298051,0.316227766017,7.717941683461E-19));
#295 = DIRECTION('',(6.734556971455E-17,-1.995960816868E-16,-1.));
#296 = ADVANCED_FACE('',(#297),#315,.T.);
#297 = FACE_BOUND('',#298,.T.);
#298 = EDGE_LOOP('',(#299,#307,#313,#314));
#299 = ORIENTED_EDGE('',*,*,#300,.F.);
#300 = EDGE_CURVE('',#301,#133,#303,.T.);
#301 = VERTEX_POINT('',#302);
#302 = CARTESIAN_POINT('',(-0.1905,13.97,0.1905));
#303 = LINE('',#304,#305);
#304 = CARTESIAN_POINT('',(-0.230909090909,13.848772727273,
    0.230909090909));
#305 = VECTOR('',#306,1.);
#306 = DIRECTION('',(-0.301511344578,-0.904534033733,0.301511344578));
#307 = ORIENTED_EDGE('',*,*,#308,.T.);
#308 = EDGE_CURVE('',#301,#193,#309,.T.);
#309 = LINE('',#310,#311);
#310 = CARTESIAN_POINT('',(-0.1905,13.97,0.3175));
#311 = VECTOR('',#312,1.);
#312 = DIRECTION('',(0.,-2.22044604925E-16,-1.));
#313 = ORIENTED_EDGE('',*,*,#192,.T.);
#314 = ORIENTED_EDGE('',*,*,#140,.F.);
#315 = PLANE('',#316);
#316 = AXIS2_PLACEMENT_3D('',#317,#318,#319);
#317 = CARTESIAN_POINT('',(-0.254,13.7795,0.3175));
#318 = DIRECTION('',(-0.948683298051,0.316227766017,1.29246473289E-17));
#319 = DIRECTION('',(-7.887477853163E-17,-1.957530120812E-16,-1.));
#320 = ADVANCED_FACE('',(#321),#339,.F.);
#321 = FACE_BOUND('',#322,.F.);
#322 = EDGE_LOOP('',(#323,#324,#325,#333));
#323 = ORIENTED_EDGE('',*,*,#169,.F.);
#324 = ORIENTED_EDGE('',*,*,#284,.F.);
#325 = ORIENTED_EDGE('',*,*,#326,.F.);
#326 = EDGE_CURVE('',#327,#277,#329,.T.);
#327 = VERTEX_POINT('',#328);
#328 = CARTESIAN_POINT('',(0.1905,6.87228052243E-17,0.1905));
#329 = LINE('',#330,#331);
#330 = CARTESIAN_POINT('',(0.3175,1.232595164408E-32,0.1905));
#331 = VECTOR('',#332,1.);
#332 = DIRECTION('',(-1.,-0.,0.));
#333 = ORIENTED_EDGE('',*,*,#334,.F.);
#334 = EDGE_CURVE('',#170,#327,#335,.T.);
#335 = LINE('',#336,#337);
#336 = CARTESIAN_POINT('',(0.1905,-1.232595164408E-32,-0.3175));
#337 = VECTOR('',#338,1.);
#338 = DIRECTION('',(0.,2.22044604925E-16,1.));
#339 = PLANE('',#340);
#340 = AXIS2_PLACEMENT_3D('',#341,#342,#343);
#341 = CARTESIAN_POINT('',(2.294752314678E-16,0.,0.));
#342 = DIRECTION('',(0.,1.,-4.930380657631E-32));
#343 = DIRECTION('',(0.,4.930380657631E-32,1.));
#344 = ADVANCED_FACE('',(#345),#356,.F.);
#345 = FACE_BOUND('',#346,.F.);
#346 = EDGE_LOOP('',(#347,#348,#349,#355));
#347 = ORIENTED_EDGE('',*,*,#177,.F.);
#348 = ORIENTED_EDGE('',*,*,#334,.T.);
#349 = ORIENTED_EDGE('',*,*,#350,.T.);
#350 = EDGE_CURVE('',#327,#233,#351,.T.);
#351 = LINE('',#352,#353);
#352 = CARTESIAN_POINT('',(0.230909090909,0.121227272727,0.230909090909)
  );
#353 = VECTOR('',#354,1.);
#354 = DIRECTION('',(0.301511344578,0.904534033733,0.301511344578));
#355 = ORIENTED_EDGE('',*,*,#240,.F.);
#356 = PLANE('',#357);
#357 = AXIS2_PLACEMENT_3D('',#358,#359,#360);
#358 = CARTESIAN_POINT('',(0.254,0.1905,-0.3175));
#359 = DIRECTION('',(-0.948683298051,0.316227766017,-9.643277117336E-19)
  );
#360 = DIRECTION('',(6.569853988354E-17,2.001450916305E-16,1.));
#361 = ADVANCED_FACE('',(#362),#380,.T.);
#362 = FACE_BOUND('',#363,.T.);
#363 = EDGE_LOOP('',(#364,#365,#366,#374));
#364 = ORIENTED_EDGE('',*,*,#200,.F.);
#365 = ORIENTED_EDGE('',*,*,#308,.F.);
#366 = ORIENTED_EDGE('',*,*,#367,.F.);
#367 = EDGE_CURVE('',#368,#301,#370,.T.);
#368 = VERTEX_POINT('',#369);
#369 = CARTESIAN_POINT('',(0.1905,13.97,0.1905));
#370 = LINE('',#371,#372);
#371 = CARTESIAN_POINT('',(0.3175,13.97,0.1905));
#372 = VECTOR('',#373,1.);
#373 = DIRECTION('',(-1.,-0.,0.));
#374 = ORIENTED_EDGE('',*,*,#375,.F.);
#375 = EDGE_CURVE('',#201,#368,#376,.T.);
#376 = LINE('',#377,#378);
#377 = CARTESIAN_POINT('',(0.1905,13.97,-0.3175));
#378 = VECTOR('',#379,1.);
#379 = DIRECTION('',(0.,2.22044604925E-16,1.));
#380 = PLANE('',#381);
#381 = AXIS2_PLACEMENT_3D('',#382,#383,#384);
#382 = CARTESIAN_POINT('',(2.294752314678E-16,13.97,-3.552713678801E-15)
  );
#383 = DIRECTION('',(0.,1.,-4.930380657631E-32));
#384 = DIRECTION('',(0.,4.930380657631E-32,1.));
#385 = ADVANCED_FACE('',(#386),#397,.T.);
#386 = FACE_BOUND('',#387,.T.);
#387 = EDGE_LOOP('',(#388,#389,#390,#396));
#388 = ORIENTED_EDGE('',*,*,#208,.F.);
#389 = ORIENTED_EDGE('',*,*,#375,.T.);
#390 = ORIENTED_EDGE('',*,*,#391,.T.);
#391 = EDGE_CURVE('',#368,#225,#392,.T.);
#392 = LINE('',#393,#394);
#393 = CARTESIAN_POINT('',(0.230909090909,13.848772727273,0.230909090909
    ));
#394 = VECTOR('',#395,1.);
#395 = DIRECTION('',(0.301511344578,-0.904534033733,0.301511344578));
#396 = ORIENTED_EDGE('',*,*,#224,.F.);
#397 = PLANE('',#398);
#398 = AXIS2_PLACEMENT_3D('',#399,#400,#401);
#399 = CARTESIAN_POINT('',(0.254,13.7795,-0.3175));
#400 = DIRECTION('',(0.948683298051,0.316227766017,1.29246473289E-17));
#401 = DIRECTION('',(-7.887477853163E-17,1.957530120812E-16,1.));
#402 = ADVANCED_FACE('',(#403),#409,.F.);
#403 = FACE_BOUND('',#404,.F.);
#404 = EDGE_LOOP('',(#405,#406,#407,#408));
#405 = ORIENTED_EDGE('',*,*,#350,.F.);
#406 = ORIENTED_EDGE('',*,*,#326,.T.);
#407 = ORIENTED_EDGE('',*,*,#276,.T.);
#408 = ORIENTED_EDGE('',*,*,#262,.F.);
#409 = PLANE('',#410);
#410 = AXIS2_PLACEMENT_3D('',#411,#412,#413);
#411 = CARTESIAN_POINT('',(0.3175,0.1905,0.254));
#412 = DIRECTION('',(-1.73612188008E-18,0.316227766017,-0.948683298051)
  );
#413 = DIRECTION('',(-1.,-5.490099436706E-19,1.647029831012E-18));
#414 = ADVANCED_FACE('',(#415),#421,.T.);
#415 = FACE_BOUND('',#416,.T.);
#416 = EDGE_LOOP('',(#417,#418,#419,#420));
#417 = ORIENTED_EDGE('',*,*,#391,.F.);
#418 = ORIENTED_EDGE('',*,*,#367,.T.);
#419 = ORIENTED_EDGE('',*,*,#300,.T.);
#420 = ORIENTED_EDGE('',*,*,#255,.F.);
#421 = PLANE('',#422);
#422 = AXIS2_PLACEMENT_3D('',#423,#424,#425);
#423 = CARTESIAN_POINT('',(0.3175,13.7795,0.254));
#424 = DIRECTION('',(0.,0.316227766017,0.948683298051));
#425 = DIRECTION('',(-1.,-0.,0.));
#426 = ( GEOMETRIC_REPRESENTATION_CONTEXT(3) 
GLOBAL_UNCERTAINTY_ASSIGNED_CONTEXT((#430)) GLOBAL_UNIT_ASSIGNED_CONTEXT
((#427,#428,#429)) REPRESENTATION_CONTEXT('Context #1',
  '3D Context with UNIT and UNCERTAINTY') );
#427 = ( LENGTH_UNIT() NAMED_UNIT(*) SI_UNIT(.MILLI.,.METRE.) );
#428 = ( NAMED_UNIT(*) PLANE_ANGLE_UNIT() SI_UNIT($,.RADIAN.) );
#429 = ( NAMED_UNIT(*) SI_UNIT($,.STERADIAN.) SOLID_ANGLE_UNIT() );
#430 = UNCERTAINTY_MEASURE_WITH_UNIT(LENGTH_MEASURE(1.E-07),#427,
  'distance_accuracy_value','confusion accuracy');
#431 = CONTEXT_DEPENDENT_SHAPE_REPRESENTATION(#432,#434);
#432 = ( REPRESENTATION_RELATIONSHIP('','',#83,#36) 
REPRESENTATION_RELATIONSHIP_WITH_TRANSFORMATION(#433) 
SHAPE_REPRESENTATION_RELATIONSHIP() );
#433 = ITEM_DEFINED_TRANSFORMATION('','',#11,#37);
#434 = PRODUCT_DEFINITION_SHAPE('Placement','Placement of an item',#435
  );
#435 = NEXT_ASSEMBLY_USAGE_OCCURRENCE('568','0','',#31,#78,$);
#436 = PRODUCT_RELATED_PRODUCT_CATEGORY('part',$,(#80));
#437 = CONTEXT_DEPENDENT_SHAPE_REPRESENTATION(#438,#440);
#438 = ( REPRESENTATION_RELATIONSHIP('','',#83,#36) 
REPRESENTATION_RELATIONSHIP_WITH_TRANSFORMATION(#439) 
SHAPE_REPRESENTATION_RELATIONSHIP() );
#439 = ITEM_DEFINED_TRANSFORMATION('','',#11,#41);
#440 = PRODUCT_DEFINITION_SHAPE('Placement','Placement of an item',#441
  );
#441 = NEXT_ASSEMBLY_USAGE_OCCURRENCE('569','1','',#31,#78,$);
#442 = CONTEXT_DEPENDENT_SHAPE_REPRESENTATION(#443,#445);
#443 = ( REPRESENTATION_RELATIONSHIP('','',#83,#36) 
REPRESENTATION_RELATIONSHIP_WITH_TRANSFORMATION(#444) 
SHAPE_REPRESENTATION_RELATIONSHIP() );
#444 = ITEM_DEFINED_TRANSFORMATION('','',#11,#45);
#445 = PRODUCT_DEFINITION_SHAPE('Placement','Placement of an item',#446
  );
#446 = NEXT_ASSEMBLY_USAGE_OCCURRENCE('570','2','',#31,#78,$);
#447 = CONTEXT_DEPENDENT_SHAPE_REPRESENTATION(#448,#450);
#448 = ( REPRESENTATION_RELATIONSHIP('','',#83,#36) 
REPRESENTATION_RELATIONSHIP_WITH_TRANSFORMATION(#449) 
SHAPE_REPRESENTATION_RELATIONSHIP() );
#449 = ITEM_DEFINED_TRANSFORMATION('','',#11,#49);
#450 = PRODUCT_DEFINITION_SHAPE('Placement','Placement of an item',#451
  );
#451 = NEXT_ASSEMBLY_USAGE_OCCURRENCE('571','3','',#31,#78,$);
#452 = CONTEXT_DEPENDENT_SHAPE_REPRESENTATION(#453,#455);
#453 = ( REPRESENTATION_RELATIONSHIP('','',#83,#36) 
REPRESENTATION_RELATIONSHIP_WITH_TRANSFORMATION(#454) 
SHAPE_REPRESENTATION_RELATIONSHIP() );
#454 = ITEM_DEFINED_TRANSFORMATION('','',#11,#53);
#455 = PRODUCT_DEFINITION_SHAPE('Placement','Placement of an item',#456
  );
#456 = NEXT_ASSEMBLY_USAGE_OCCURRENCE('572','4','',#31,#78,$);
#457 = CONTEXT_DEPENDENT_SHAPE_REPRESENTATION(#458,#460);
#458 = ( REPRESENTATION_RELATIONSHIP('','',#83,#36) 
REPRESENTATION_RELATIONSHIP_WITH_TRANSFORMATION(#459) 
SHAPE_REPRESENTATION_RELATIONSHIP() );
#459 = ITEM_DEFINED_TRANSFORMATION('','',#11,#57);
#460 = PRODUCT_DEFINITION_SHAPE('Placement','Placement of an item',#461
  );
#461 = NEXT_ASSEMBLY_USAGE_OCCURRENCE('573','5','',#31,#78,$);
#462 = CONTEXT_DEPENDENT_SHAPE_REPRESENTATION(#463,#465);
#463 = ( REPRESENTATION_RELATIONSHIP('','',#83,#36) 
REPRESENTATION_RELATIONSHIP_WITH_TRANSFORMATION(#464) 
SHAPE_REPRESENTATION_RELATIONSHIP() );
#464 = ITEM_DEFINED_TRANSFORMATION('','',#11,#61);
#465 = PRODUCT_DEFINITION_SHAPE('Placement','Placement of an item',#466
  );
#466 = NEXT_ASSEMBLY_USAGE_OCCURRENCE('574','6','',#31,#78,$);
#467 = SHAPE_DEFINITION_REPRESENTATION(#468,#474);
#468 = PRODUCT_DEFINITION_SHAPE('','',#469);
#469 = PRODUCT_DEFINITION('design','',#470,#473);
#470 = PRODUCT_DEFINITION_FORMATION('','',#471);
#471 = PRODUCT('Body','Body','',(#472));
#472 = PRODUCT_CONTEXT('',#2,'mechanical');
#473 = PRODUCT_DEFINITION_CONTEXT('part definition',#2,'design');
#474 = ADVANCED_BREP_SHAPE_REPRESENTATION('',(#11,#475),#3185);
#475 = MANIFOLD_SOLID_BREP('',#476);
#476 = CLOSED_SHELL('',(#477,#525,#558,#1061,#1140,#1173,#1206,#1223,
    #1247,#1271,#1295,#1369,#1394,#1426,#1450,#1475,#1506,#1530,#1554,
    #1571,#1602,#1626,#1650,#1667,#1698,#1722,#1746,#1763,#1794,#1818,
    #1842,#1859,#1890,#1914,#1938,#1955,#1986,#2010,#2034,#2051,#2082,
    #2106,#2130,#2147,#2178,#2202,#2226,#2243,#2274,#2298,#2322,#2339,
    #2370,#2394,#2418,#2435,#2466,#2490,#2514,#2531,#2562,#2586,#2610,
    #2627,#2644,#2718,#2742,#2766,#2783,#2886,#2903,#2944,#2994,#3033,
    #3050,#3062,#3079,#3122,#3139,#3156,#3173));
#477 = ADVANCED_FACE('',(#478),#520,.T.);
#478 = FACE_BOUND('',#479,.T.);
#479 = EDGE_LOOP('',(#480,#490,#498,#506,#514));
#480 = ORIENTED_EDGE('',*,*,#481,.T.);
#481 = EDGE_CURVE('',#482,#484,#486,.T.);
#482 = VERTEX_POINT('',#483);
#483 = CARTESIAN_POINT('',(-16.51,0.3048,2.54));
#484 = VERTEX_POINT('',#485);
#485 = CARTESIAN_POINT('',(1.27,0.3048,2.54));
#486 = LINE('',#487,#488);
#487 = CARTESIAN_POINT('',(-16.51,0.3048,2.54));
#488 = VECTOR('',#489,1.);
#489 = DIRECTION('',(1.,1.665334536938E-16,3.885780586188E-16));
#490 = ORIENTED_EDGE('',*,*,#491,.T.);
#491 = EDGE_CURVE('',#484,#492,#494,.T.);
#492 = VERTEX_POINT('',#493);
#493 = CARTESIAN_POINT('',(1.27,2.921,2.54));
#494 = LINE('',#495,#496);
#495 = CARTESIAN_POINT('',(1.27,0.3048,2.54));
#496 = VECTOR('',#497,1.);
#497 = DIRECTION('',(4.440892098501E-16,1.,2.22044604925E-16));
#498 = ORIENTED_EDGE('',*,*,#499,.F.);
#499 = EDGE_CURVE('',#500,#492,#502,.T.);
#500 = VERTEX_POINT('',#501);
#501 = CARTESIAN_POINT('',(7.579770144872E-16,2.921,2.54));
#502 = LINE('',#503,#504);
#503 = CARTESIAN_POINT('',(-16.51,2.921,2.54));
#504 = VECTOR('',#505,1.);
#505 = DIRECTION('',(1.,1.665334536938E-16,3.885780586188E-16));
#506 = ORIENTED_EDGE('',*,*,#507,.F.);
#507 = EDGE_CURVE('',#508,#500,#510,.T.);
#508 = VERTEX_POINT('',#509);
#509 = CARTESIAN_POINT('',(-16.51,2.921,2.54));
#510 = LINE('',#511,#512);
#511 = CARTESIAN_POINT('',(-16.51,2.921,2.54));
#512 = VECTOR('',#513,1.);
#513 = DIRECTION('',(1.,1.665334536938E-16,3.885780586188E-16));
#514 = ORIENTED_EDGE('',*,*,#515,.F.);
#515 = EDGE_CURVE('',#482,#508,#516,.T.);
#516 = LINE('',#517,#518);
#517 = CARTESIAN_POINT('',(-16.51,0.3048,2.54));
#518 = VECTOR('',#519,1.);
#519 = DIRECTION('',(4.440892098501E-16,1.,2.22044604925E-16));
#520 = PLANE('',#521);
#521 = AXIS2_PLACEMENT_3D('',#522,#523,#524);
#522 = CARTESIAN_POINT('',(-16.51,0.3048,2.54));
#523 = DIRECTION('',(1.110223024625E-16,3.330669073875E-16,1.));
#524 = DIRECTION('',(3.885780586188E-16,1.,1.665334536938E-16));
#525 = ADVANCED_FACE('',(#526),#553,.T.);
#526 = FACE_BOUND('',#527,.F.);
#527 = EDGE_LOOP('',(#528,#529,#538,#546));
#528 = ORIENTED_EDGE('',*,*,#481,.T.);
#529 = ORIENTED_EDGE('',*,*,#530,.T.);
#530 = EDGE_CURVE('',#484,#531,#533,.T.);
#531 = VERTEX_POINT('',#532);
#532 = CARTESIAN_POINT('',(1.27,0.3048,1.9304));
#533 = CIRCLE('',#534,0.3048);
#534 = AXIS2_PLACEMENT_3D('',#535,#536,#537);
#535 = CARTESIAN_POINT('',(1.27,0.3048,2.2352));
#536 = DIRECTION('',(1.,-4.440892098501E-16,-2.22044604925E-16));
#537 = DIRECTION('',(4.440892098501E-16,1.,2.22044604925E-16));
#538 = ORIENTED_EDGE('',*,*,#539,.F.);
#539 = EDGE_CURVE('',#540,#531,#542,.T.);
#540 = VERTEX_POINT('',#541);
#541 = CARTESIAN_POINT('',(-16.51,0.3048,1.9304));
#542 = LINE('',#543,#544);
#543 = CARTESIAN_POINT('',(-16.51,0.3048,1.9304));
#544 = VECTOR('',#545,1.);
#545 = DIRECTION('',(1.,1.665334536938E-16,3.885780586188E-16));
#546 = ORIENTED_EDGE('',*,*,#547,.F.);
#547 = EDGE_CURVE('',#482,#540,#548,.T.);
#548 = CIRCLE('',#549,0.3048);
#549 = AXIS2_PLACEMENT_3D('',#550,#551,#552);
#550 = CARTESIAN_POINT('',(-16.51,0.3048,2.2352));
#551 = DIRECTION('',(1.,-4.440892098501E-16,-2.22044604925E-16));
#552 = DIRECTION('',(4.440892098501E-16,1.,2.22044604925E-16));
#553 = CYLINDRICAL_SURFACE('',#554,0.3048);
#554 = AXIS2_PLACEMENT_3D('',#555,#556,#557);
#555 = CARTESIAN_POINT('',(-16.51,0.3048,2.2352));
#556 = DIRECTION('',(-1.,-1.110223024625E-16,-3.330669073875E-16));
#557 = DIRECTION('',(3.885780586188E-16,1.,1.665334536938E-16));
#558 = ADVANCED_FACE('',(#559,#648,#682,#716,#750,#784,#818,#852,#886,
    #920,#954,#988,#1022),#1056,.T.);
#559 = FACE_BOUND('',#560,.T.);
#560 = EDGE_LOOP('',(#561,#569,#570,#578,#586,#594,#602,#610,#618,#626,
    #634,#642));
#561 = ORIENTED_EDGE('',*,*,#562,.F.);
#562 = EDGE_CURVE('',#508,#563,#565,.T.);
#563 = VERTEX_POINT('',#564);
#564 = CARTESIAN_POINT('',(-16.51,2.921,0.9525));
#565 = LINE('',#566,#567);
#566 = CARTESIAN_POINT('',(-16.51,2.921,2.54));
#567 = VECTOR('',#568,1.);
#568 = DIRECTION('',(-2.22044604925E-16,-4.440892098501E-16,-1.));
#569 = ORIENTED_EDGE('',*,*,#507,.T.);
#570 = ORIENTED_EDGE('',*,*,#571,.F.);
#571 = EDGE_CURVE('',#572,#500,#574,.T.);
#572 = VERTEX_POINT('',#573);
#573 = CARTESIAN_POINT('',(7.579770144872E-16,2.921,0.3175));
#574 = LINE('',#575,#576);
#575 = CARTESIAN_POINT('',(8.881784197001E-16,2.921,-4.5212));
#576 = VECTOR('',#577,1.);
#577 = DIRECTION('',(1.110223024625E-16,2.22044604925E-16,1.));
#578 = ORIENTED_EDGE('',*,*,#579,.F.);
#579 = EDGE_CURVE('',#580,#572,#582,.T.);
#580 = VERTEX_POINT('',#581);
#581 = CARTESIAN_POINT('',(-0.3175,2.921,0.3175));
#582 = LINE('',#583,#584);
#583 = CARTESIAN_POINT('',(-8.09625,2.921,0.3175));
#584 = VECTOR('',#585,1.);
#585 = DIRECTION('',(1.,5.551115123126E-17,2.775557561563E-16));
#586 = ORIENTED_EDGE('',*,*,#587,.F.);
#587 = EDGE_CURVE('',#588,#580,#590,.T.);
#588 = VERTEX_POINT('',#589);
#589 = CARTESIAN_POINT('',(-0.3175,2.921,-0.3175));
#590 = LINE('',#591,#592);
#591 = CARTESIAN_POINT('',(-0.3175,2.921,1.42875));
#592 = VECTOR('',#593,1.);
#593 = DIRECTION('',(1.110223024625E-16,2.775557561563E-16,1.));
#594 = ORIENTED_EDGE('',*,*,#595,.F.);
#595 = EDGE_CURVE('',#596,#588,#598,.T.);
#596 = VERTEX_POINT('',#597);
#597 = CARTESIAN_POINT('',(7.579770144872E-16,2.921,-0.3175));
#598 = LINE('',#599,#600);
#599 = CARTESIAN_POINT('',(-8.41375,2.921,-0.3175));
#600 = VECTOR('',#601,1.);
#601 = DIRECTION('',(-1.,-5.551115123126E-17,-2.775557561563E-16));
#602 = ORIENTED_EDGE('',*,*,#603,.F.);
#603 = EDGE_CURVE('',#604,#596,#606,.T.);
#604 = VERTEX_POINT('',#605);
#605 = CARTESIAN_POINT('',(7.579770144872E-16,2.921,-1.9304));
#606 = LINE('',#607,#608);
#607 = CARTESIAN_POINT('',(8.881784197001E-16,2.921,-4.5212));
#608 = VECTOR('',#609,1.);
#609 = DIRECTION('',(1.110223024625E-16,2.22044604925E-16,1.));
#610 = ORIENTED_EDGE('',*,*,#611,.F.);
#611 = EDGE_CURVE('',#612,#604,#614,.T.);
#612 = VERTEX_POINT('',#613);
#613 = CARTESIAN_POINT('',(-16.51,2.921,-1.9304));
#614 = LINE('',#615,#616);
#615 = CARTESIAN_POINT('',(-16.51,2.921,-1.9304));
#616 = VECTOR('',#617,1.);
#617 = DIRECTION('',(1.,1.665334536938E-16,3.885780586188E-16));
#618 = ORIENTED_EDGE('',*,*,#619,.F.);
#619 = EDGE_CURVE('',#620,#612,#622,.T.);
#620 = VERTEX_POINT('',#621);
#621 = CARTESIAN_POINT('',(-16.51,2.921,-0.9525));
#622 = LINE('',#623,#624);
#623 = CARTESIAN_POINT('',(-16.51,2.921,2.54));
#624 = VECTOR('',#625,1.);
#625 = DIRECTION('',(-2.22044604925E-16,-4.440892098501E-16,-1.));
#626 = ORIENTED_EDGE('',*,*,#627,.F.);
#627 = EDGE_CURVE('',#628,#620,#630,.T.);
#628 = VERTEX_POINT('',#629);
#629 = CARTESIAN_POINT('',(-16.256,2.921,-0.9525));
#630 = LINE('',#631,#632);
#631 = CARTESIAN_POINT('',(-16.256,2.921,-0.9525));
#632 = VECTOR('',#633,1.);
#633 = DIRECTION('',(-1.,-1.665334536938E-16,-1.665334536938E-16));
#634 = ORIENTED_EDGE('',*,*,#635,.F.);
#635 = EDGE_CURVE('',#636,#628,#638,.T.);
#636 = VERTEX_POINT('',#637);
#637 = CARTESIAN_POINT('',(-16.256,2.921,0.9525));
#638 = LINE('',#639,#640);
#639 = CARTESIAN_POINT('',(-16.256,2.921,0.9525));
#640 = VECTOR('',#641,1.);
#641 = DIRECTION('',(-1.665334536938E-16,-1.665334536938E-16,-1.));
#642 = ORIENTED_EDGE('',*,*,#643,.F.);
#643 = EDGE_CURVE('',#563,#636,#644,.T.);
#644 = LINE('',#645,#646);
#645 = CARTESIAN_POINT('',(-16.764,2.921,0.9525));
#646 = VECTOR('',#647,1.);
#647 = DIRECTION('',(1.,1.665334536938E-16,1.665334536938E-16));
#648 = FACE_BOUND('',#649,.T.);
#649 = EDGE_LOOP('',(#650,#660,#668,#676));
#650 = ORIENTED_EDGE('',*,*,#651,.F.);
#651 = EDGE_CURVE('',#652,#654,#656,.T.);
#652 = VERTEX_POINT('',#653);
#653 = CARTESIAN_POINT('',(-1.524,2.921,-0.9525));
#654 = VERTEX_POINT('',#655);
#655 = CARTESIAN_POINT('',(-1.524,2.921,0.9525));
#656 = LINE('',#657,#658);
#657 = CARTESIAN_POINT('',(-1.524,2.921,-0.9525));
#658 = VECTOR('',#659,1.);
#659 = DIRECTION('',(1.665334536938E-16,1.665334536938E-16,1.));
#660 = ORIENTED_EDGE('',*,*,#661,.F.);
#661 = EDGE_CURVE('',#662,#652,#664,.T.);
#662 = VERTEX_POINT('',#663);
#663 = CARTESIAN_POINT('',(-1.016,2.921,-0.9525));
#664 = LINE('',#665,#666);
#665 = CARTESIAN_POINT('',(-1.016,2.921,-0.9525));
#666 = VECTOR('',#667,1.);
#667 = DIRECTION('',(-1.,-1.665334536938E-16,-1.665334536938E-16));
#668 = ORIENTED_EDGE('',*,*,#669,.F.);
#669 = EDGE_CURVE('',#670,#662,#672,.T.);
#670 = VERTEX_POINT('',#671);
#671 = CARTESIAN_POINT('',(-1.016,2.921,0.9525));
#672 = LINE('',#673,#674);
#673 = CARTESIAN_POINT('',(-1.016,2.921,0.9525));
#674 = VECTOR('',#675,1.);
#675 = DIRECTION('',(-1.665334536938E-16,-1.665334536938E-16,-1.));
#676 = ORIENTED_EDGE('',*,*,#677,.F.);
#677 = EDGE_CURVE('',#654,#670,#678,.T.);
#678 = LINE('',#679,#680);
#679 = CARTESIAN_POINT('',(-1.524,2.921,0.9525));
#680 = VECTOR('',#681,1.);
#681 = DIRECTION('',(1.,1.665334536938E-16,1.665334536938E-16));
#682 = FACE_BOUND('',#683,.T.);
#683 = EDGE_LOOP('',(#684,#694,#702,#710));
#684 = ORIENTED_EDGE('',*,*,#685,.F.);
#685 = EDGE_CURVE('',#686,#688,#690,.T.);
#686 = VERTEX_POINT('',#687);
#687 = CARTESIAN_POINT('',(-2.2225,2.921,-0.3175));
#688 = VERTEX_POINT('',#689);
#689 = CARTESIAN_POINT('',(-2.8575,2.921,-0.3175));
#690 = LINE('',#691,#692);
#691 = CARTESIAN_POINT('',(-9.68375,2.921,-0.3175));
#692 = VECTOR('',#693,1.);
#693 = DIRECTION('',(-1.,5.551115123126E-17,-1.110223024625E-16));
#694 = ORIENTED_EDGE('',*,*,#695,.F.);
#695 = EDGE_CURVE('',#696,#686,#698,.T.);
#696 = VERTEX_POINT('',#697);
#697 = CARTESIAN_POINT('',(-2.2225,2.921,0.3175));
#698 = LINE('',#699,#700);
#699 = CARTESIAN_POINT('',(-2.2225,2.921,1.11125));
#700 = VECTOR('',#701,1.);
#701 = DIRECTION('',(-5.551115123126E-17,-1.665334536938E-16,-1.));
#702 = ORIENTED_EDGE('',*,*,#703,.F.);
#703 = EDGE_CURVE('',#704,#696,#706,.T.);
#704 = VERTEX_POINT('',#705);
#705 = CARTESIAN_POINT('',(-2.8575,2.921,0.3175));
#706 = LINE('',#707,#708);
#707 = CARTESIAN_POINT('',(-9.36625,2.921,0.3175));
#708 = VECTOR('',#709,1.);
#709 = DIRECTION('',(1.,-5.551115123126E-17,1.110223024625E-16));
#710 = ORIENTED_EDGE('',*,*,#711,.F.);
#711 = EDGE_CURVE('',#688,#704,#712,.T.);
#712 = LINE('',#713,#714);
#713 = CARTESIAN_POINT('',(-2.8575,2.921,1.42875));
#714 = VECTOR('',#715,1.);
#715 = DIRECTION('',(5.551115123126E-17,1.665334536938E-16,1.));
#716 = FACE_BOUND('',#717,.T.);
#717 = EDGE_LOOP('',(#718,#728,#736,#744));
#718 = ORIENTED_EDGE('',*,*,#719,.F.);
#719 = EDGE_CURVE('',#720,#722,#724,.T.);
#720 = VERTEX_POINT('',#721);
#721 = CARTESIAN_POINT('',(-4.064,2.921,-0.9525));
#722 = VERTEX_POINT('',#723);
#723 = CARTESIAN_POINT('',(-4.064,2.921,0.9525));
#724 = LINE('',#725,#726);
#725 = CARTESIAN_POINT('',(-4.064,2.921,-0.9525));
#726 = VECTOR('',#727,1.);
#727 = DIRECTION('',(1.665334536938E-16,1.665334536938E-16,1.));
#728 = ORIENTED_EDGE('',*,*,#729,.F.);
#729 = EDGE_CURVE('',#730,#720,#732,.T.);
#730 = VERTEX_POINT('',#731);
#731 = CARTESIAN_POINT('',(-3.556,2.921,-0.9525));
#732 = LINE('',#733,#734);
#733 = CARTESIAN_POINT('',(-3.556,2.921,-0.9525));
#734 = VECTOR('',#735,1.);
#735 = DIRECTION('',(-1.,-1.665334536938E-16,-1.665334536938E-16));
#736 = ORIENTED_EDGE('',*,*,#737,.F.);
#737 = EDGE_CURVE('',#738,#730,#740,.T.);
#738 = VERTEX_POINT('',#739);
#739 = CARTESIAN_POINT('',(-3.556,2.921,0.9525));
#740 = LINE('',#741,#742);
#741 = CARTESIAN_POINT('',(-3.556,2.921,0.9525));
#742 = VECTOR('',#743,1.);
#743 = DIRECTION('',(-1.665334536938E-16,-1.665334536938E-16,-1.));
#744 = ORIENTED_EDGE('',*,*,#745,.F.);
#745 = EDGE_CURVE('',#722,#738,#746,.T.);
#746 = LINE('',#747,#748);
#747 = CARTESIAN_POINT('',(-4.064,2.921,0.9525));
#748 = VECTOR('',#749,1.);
#749 = DIRECTION('',(1.,1.665334536938E-16,1.665334536938E-16));
#750 = FACE_BOUND('',#751,.T.);
#751 = EDGE_LOOP('',(#752,#762,#770,#778));
#752 = ORIENTED_EDGE('',*,*,#753,.F.);
#753 = EDGE_CURVE('',#754,#756,#758,.T.);
#754 = VERTEX_POINT('',#755);
#755 = CARTESIAN_POINT('',(-4.7625,2.921,-0.3175));
#756 = VERTEX_POINT('',#757);
#757 = CARTESIAN_POINT('',(-5.3975,2.921,-0.3175));
#758 = LINE('',#759,#760);
#759 = CARTESIAN_POINT('',(-10.95375,2.921,-0.3175));
#760 = VECTOR('',#761,1.);
#761 = DIRECTION('',(-1.,5.551115123126E-17,-1.110223024625E-16));
#762 = ORIENTED_EDGE('',*,*,#763,.F.);
#763 = EDGE_CURVE('',#764,#754,#766,.T.);
#764 = VERTEX_POINT('',#765);
#765 = CARTESIAN_POINT('',(-4.7625,2.921,0.3175));
#766 = LINE('',#767,#768);
#767 = CARTESIAN_POINT('',(-4.7625,2.921,1.11125));
#768 = VECTOR('',#769,1.);
#769 = DIRECTION('',(-5.551115123126E-17,-1.665334536938E-16,-1.));
#770 = ORIENTED_EDGE('',*,*,#771,.F.);
#771 = EDGE_CURVE('',#772,#764,#774,.T.);
#772 = VERTEX_POINT('',#773);
#773 = CARTESIAN_POINT('',(-5.3975,2.921,0.3175));
#774 = LINE('',#775,#776);
#775 = CARTESIAN_POINT('',(-10.63625,2.921,0.3175));
#776 = VECTOR('',#777,1.);
#777 = DIRECTION('',(1.,-5.551115123126E-17,1.110223024625E-16));
#778 = ORIENTED_EDGE('',*,*,#779,.F.);
#779 = EDGE_CURVE('',#756,#772,#780,.T.);
#780 = LINE('',#781,#782);
#781 = CARTESIAN_POINT('',(-5.3975,2.921,1.42875));
#782 = VECTOR('',#783,1.);
#783 = DIRECTION('',(5.551115123126E-17,1.665334536938E-16,1.));
#784 = FACE_BOUND('',#785,.T.);
#785 = EDGE_LOOP('',(#786,#796,#804,#812));
#786 = ORIENTED_EDGE('',*,*,#787,.F.);
#787 = EDGE_CURVE('',#788,#790,#792,.T.);
#788 = VERTEX_POINT('',#789);
#789 = CARTESIAN_POINT('',(-7.3025,2.921,-0.3175));
#790 = VERTEX_POINT('',#791);
#791 = CARTESIAN_POINT('',(-7.9375,2.921,-0.3175));
#792 = LINE('',#793,#794);
#793 = CARTESIAN_POINT('',(-12.22375,2.921,-0.3175));
#794 = VECTOR('',#795,1.);
#795 = DIRECTION('',(-1.,5.551115123126E-17,-1.110223024625E-16));
#796 = ORIENTED_EDGE('',*,*,#797,.F.);
#797 = EDGE_CURVE('',#798,#788,#800,.T.);
#798 = VERTEX_POINT('',#799);
#799 = CARTESIAN_POINT('',(-7.3025,2.921,0.3175));
#800 = LINE('',#801,#802);
#801 = CARTESIAN_POINT('',(-7.3025,2.921,1.11125));
#802 = VECTOR('',#803,1.);
#803 = DIRECTION('',(-5.551115123126E-17,-1.665334536938E-16,-1.));
#804 = ORIENTED_EDGE('',*,*,#805,.F.);
#805 = EDGE_CURVE('',#806,#798,#808,.T.);
#806 = VERTEX_POINT('',#807);
#807 = CARTESIAN_POINT('',(-7.9375,2.921,0.3175));
#808 = LINE('',#809,#810);
#809 = CARTESIAN_POINT('',(-11.90625,2.921,0.3175));
#810 = VECTOR('',#811,1.);
#811 = DIRECTION('',(1.,-5.551115123126E-17,1.110223024625E-16));
#812 = ORIENTED_EDGE('',*,*,#813,.F.);
#813 = EDGE_CURVE('',#790,#806,#814,.T.);
#814 = LINE('',#815,#816);
#815 = CARTESIAN_POINT('',(-7.9375,2.921,1.42875));
#816 = VECTOR('',#817,1.);
#817 = DIRECTION('',(5.551115123126E-17,1.665334536938E-16,1.));
#818 = FACE_BOUND('',#819,.T.);
#819 = EDGE_LOOP('',(#820,#830,#838,#846));
#820 = ORIENTED_EDGE('',*,*,#821,.F.);
#821 = EDGE_CURVE('',#822,#824,#826,.T.);
#822 = VERTEX_POINT('',#823);
#823 = CARTESIAN_POINT('',(-6.604,2.921,-0.9525));
#824 = VERTEX_POINT('',#825);
#825 = CARTESIAN_POINT('',(-6.604,2.921,0.9525));
#826 = LINE('',#827,#828);
#827 = CARTESIAN_POINT('',(-6.604,2.921,-0.9525));
#828 = VECTOR('',#829,1.);
#829 = DIRECTION('',(1.665334536938E-16,1.665334536938E-16,1.));
#830 = ORIENTED_EDGE('',*,*,#831,.F.);
#831 = EDGE_CURVE('',#832,#822,#834,.T.);
#832 = VERTEX_POINT('',#833);
#833 = CARTESIAN_POINT('',(-6.096,2.921,-0.9525));
#834 = LINE('',#835,#836);
#835 = CARTESIAN_POINT('',(-6.096,2.921,-0.9525));
#836 = VECTOR('',#837,1.);
#837 = DIRECTION('',(-1.,-1.665334536938E-16,-1.665334536938E-16));
#838 = ORIENTED_EDGE('',*,*,#839,.F.);
#839 = EDGE_CURVE('',#840,#832,#842,.T.);
#840 = VERTEX_POINT('',#841);
#841 = CARTESIAN_POINT('',(-6.096,2.921,0.9525));
#842 = LINE('',#843,#844);
#843 = CARTESIAN_POINT('',(-6.096,2.921,0.9525));
#844 = VECTOR('',#845,1.);
#845 = DIRECTION('',(-1.665334536938E-16,-1.665334536938E-16,-1.));
#846 = ORIENTED_EDGE('',*,*,#847,.F.);
#847 = EDGE_CURVE('',#824,#840,#848,.T.);
#848 = LINE('',#849,#850);
#849 = CARTESIAN_POINT('',(-6.604,2.921,0.9525));
#850 = VECTOR('',#851,1.);
#851 = DIRECTION('',(1.,1.665334536938E-16,1.665334536938E-16));
#852 = FACE_BOUND('',#853,.T.);
#853 = EDGE_LOOP('',(#854,#864,#872,#880));
#854 = ORIENTED_EDGE('',*,*,#855,.F.);
#855 = EDGE_CURVE('',#856,#858,#860,.T.);
#856 = VERTEX_POINT('',#857);
#857 = CARTESIAN_POINT('',(-9.8425,2.921,-0.3175));
#858 = VERTEX_POINT('',#859);
#859 = CARTESIAN_POINT('',(-10.4775,2.921,-0.3175));
#860 = LINE('',#861,#862);
#861 = CARTESIAN_POINT('',(-13.49375,2.921,-0.3175));
#862 = VECTOR('',#863,1.);
#863 = DIRECTION('',(-1.,5.551115123126E-17,-1.110223024625E-16));
#864 = ORIENTED_EDGE('',*,*,#865,.F.);
#865 = EDGE_CURVE('',#866,#856,#868,.T.);
#866 = VERTEX_POINT('',#867);
#867 = CARTESIAN_POINT('',(-9.8425,2.921,0.3175));
#868 = LINE('',#869,#870);
#869 = CARTESIAN_POINT('',(-9.8425,2.921,1.11125));
#870 = VECTOR('',#871,1.);
#871 = DIRECTION('',(-5.551115123126E-17,-1.665334536938E-16,-1.));
#872 = ORIENTED_EDGE('',*,*,#873,.F.);
#873 = EDGE_CURVE('',#874,#866,#876,.T.);
#874 = VERTEX_POINT('',#875);
#875 = CARTESIAN_POINT('',(-10.4775,2.921,0.3175));
#876 = LINE('',#877,#878);
#877 = CARTESIAN_POINT('',(-13.17625,2.921,0.3175));
#878 = VECTOR('',#879,1.);
#879 = DIRECTION('',(1.,-5.551115123126E-17,1.110223024625E-16));
#880 = ORIENTED_EDGE('',*,*,#881,.F.);
#881 = EDGE_CURVE('',#858,#874,#882,.T.);
#882 = LINE('',#883,#884);
#883 = CARTESIAN_POINT('',(-10.4775,2.921,1.42875));
#884 = VECTOR('',#885,1.);
#885 = DIRECTION('',(5.551115123126E-17,1.665334536938E-16,1.));
#886 = FACE_BOUND('',#887,.T.);
#887 = EDGE_LOOP('',(#888,#898,#906,#914));
#888 = ORIENTED_EDGE('',*,*,#889,.F.);
#889 = EDGE_CURVE('',#890,#892,#894,.T.);
#890 = VERTEX_POINT('',#891);
#891 = CARTESIAN_POINT('',(-12.3825,2.921,-0.3175));
#892 = VERTEX_POINT('',#893);
#893 = CARTESIAN_POINT('',(-13.0175,2.921,-0.3175));
#894 = LINE('',#895,#896);
#895 = CARTESIAN_POINT('',(-14.76375,2.921,-0.3175));
#896 = VECTOR('',#897,1.);
#897 = DIRECTION('',(-1.,5.551115123126E-17,-1.110223024625E-16));
#898 = ORIENTED_EDGE('',*,*,#899,.F.);
#899 = EDGE_CURVE('',#900,#890,#902,.T.);
#900 = VERTEX_POINT('',#901);
#901 = CARTESIAN_POINT('',(-12.3825,2.921,0.3175));
#902 = LINE('',#903,#904);
#903 = CARTESIAN_POINT('',(-12.3825,2.921,1.11125));
#904 = VECTOR('',#905,1.);
#905 = DIRECTION('',(-5.551115123126E-17,-1.665334536938E-16,-1.));
#906 = ORIENTED_EDGE('',*,*,#907,.F.);
#907 = EDGE_CURVE('',#908,#900,#910,.T.);
#908 = VERTEX_POINT('',#909);
#909 = CARTESIAN_POINT('',(-13.0175,2.921,0.3175));
#910 = LINE('',#911,#912);
#911 = CARTESIAN_POINT('',(-14.44625,2.921,0.3175));
#912 = VECTOR('',#913,1.);
#913 = DIRECTION('',(1.,-5.551115123126E-17,1.110223024625E-16));
#914 = ORIENTED_EDGE('',*,*,#915,.F.);
#915 = EDGE_CURVE('',#892,#908,#916,.T.);
#916 = LINE('',#917,#918);
#917 = CARTESIAN_POINT('',(-13.0175,2.921,1.42875));
#918 = VECTOR('',#919,1.);
#919 = DIRECTION('',(5.551115123126E-17,1.665334536938E-16,1.));
#920 = FACE_BOUND('',#921,.T.);
#921 = EDGE_LOOP('',(#922,#932,#940,#948));
#922 = ORIENTED_EDGE('',*,*,#923,.F.);
#923 = EDGE_CURVE('',#924,#926,#928,.T.);
#924 = VERTEX_POINT('',#925);
#925 = CARTESIAN_POINT('',(-14.9225,2.921,-0.3175));
#926 = VERTEX_POINT('',#927);
#927 = CARTESIAN_POINT('',(-15.5575,2.921,-0.3175));
#928 = LINE('',#929,#930);
#929 = CARTESIAN_POINT('',(-16.03375,2.921,-0.3175));
#930 = VECTOR('',#931,1.);
#931 = DIRECTION('',(-1.,5.551115123126E-17,-1.110223024625E-16));
#932 = ORIENTED_EDGE('',*,*,#933,.F.);
#933 = EDGE_CURVE('',#934,#924,#936,.T.);
#934 = VERTEX_POINT('',#935);
#935 = CARTESIAN_POINT('',(-14.9225,2.921,0.3175));
#936 = LINE('',#937,#938);
#937 = CARTESIAN_POINT('',(-14.9225,2.921,1.11125));
#938 = VECTOR('',#939,1.);
#939 = DIRECTION('',(-5.551115123126E-17,-1.665334536938E-16,-1.));
#940 = ORIENTED_EDGE('',*,*,#941,.F.);
#941 = EDGE_CURVE('',#942,#934,#944,.T.);
#942 = VERTEX_POINT('',#943);
#943 = CARTESIAN_POINT('',(-15.5575,2.921,0.3175));
#944 = LINE('',#945,#946);
#945 = CARTESIAN_POINT('',(-15.71625,2.921,0.3175));
#946 = VECTOR('',#947,1.);
#947 = DIRECTION('',(1.,-5.551115123126E-17,1.110223024625E-16));
#948 = ORIENTED_EDGE('',*,*,#949,.F.);
#949 = EDGE_CURVE('',#926,#942,#950,.T.);
#950 = LINE('',#951,#952);
#951 = CARTESIAN_POINT('',(-15.5575,2.921,1.42875));
#952 = VECTOR('',#953,1.);
#953 = DIRECTION('',(5.551115123126E-17,1.665334536938E-16,1.));
#954 = FACE_BOUND('',#955,.T.);
#955 = EDGE_LOOP('',(#956,#966,#974,#982));
#956 = ORIENTED_EDGE('',*,*,#957,.F.);
#957 = EDGE_CURVE('',#958,#960,#962,.T.);
#958 = VERTEX_POINT('',#959);
#959 = CARTESIAN_POINT('',(-9.144,2.921,-0.9525));
#960 = VERTEX_POINT('',#961);
#961 = CARTESIAN_POINT('',(-9.144,2.921,0.9525));
#962 = LINE('',#963,#964);
#963 = CARTESIAN_POINT('',(-9.144,2.921,-0.9525));
#964 = VECTOR('',#965,1.);
#965 = DIRECTION('',(1.665334536938E-16,1.665334536938E-16,1.));
#966 = ORIENTED_EDGE('',*,*,#967,.F.);
#967 = EDGE_CURVE('',#968,#958,#970,.T.);
#968 = VERTEX_POINT('',#969);
#969 = CARTESIAN_POINT('',(-8.636,2.921,-0.9525));
#970 = LINE('',#971,#972);
#971 = CARTESIAN_POINT('',(-8.636,2.921,-0.9525));
#972 = VECTOR('',#973,1.);
#973 = DIRECTION('',(-1.,-1.665334536938E-16,-1.665334536938E-16));
#974 = ORIENTED_EDGE('',*,*,#975,.F.);
#975 = EDGE_CURVE('',#976,#968,#978,.T.);
#976 = VERTEX_POINT('',#977);
#977 = CARTESIAN_POINT('',(-8.636,2.921,0.9525));
#978 = LINE('',#979,#980);
#979 = CARTESIAN_POINT('',(-8.636,2.921,0.9525));
#980 = VECTOR('',#981,1.);
#981 = DIRECTION('',(-1.665334536938E-16,-1.665334536938E-16,-1.));
#982 = ORIENTED_EDGE('',*,*,#983,.F.);
#983 = EDGE_CURVE('',#960,#976,#984,.T.);
#984 = LINE('',#985,#986);
#985 = CARTESIAN_POINT('',(-9.144,2.921,0.9525));
#986 = VECTOR('',#987,1.);
#987 = DIRECTION('',(1.,1.665334536938E-16,1.665334536938E-16));
#988 = FACE_BOUND('',#989,.T.);
#989 = EDGE_LOOP('',(#990,#1000,#1008,#1016));
#990 = ORIENTED_EDGE('',*,*,#991,.F.);
#991 = EDGE_CURVE('',#992,#994,#996,.T.);
#992 = VERTEX_POINT('',#993);
#993 = CARTESIAN_POINT('',(-11.684,2.921,-0.9525));
#994 = VERTEX_POINT('',#995);
#995 = CARTESIAN_POINT('',(-11.684,2.921,0.9525));
#996 = LINE('',#997,#998);
#997 = CARTESIAN_POINT('',(-11.684,2.921,-0.9525));
#998 = VECTOR('',#999,1.);
#999 = DIRECTION('',(1.665334536938E-16,1.665334536938E-16,1.));
#1000 = ORIENTED_EDGE('',*,*,#1001,.F.);
#1001 = EDGE_CURVE('',#1002,#992,#1004,.T.);
#1002 = VERTEX_POINT('',#1003);
#1003 = CARTESIAN_POINT('',(-11.176,2.921,-0.9525));
#1004 = LINE('',#1005,#1006);
#1005 = CARTESIAN_POINT('',(-11.176,2.921,-0.9525));
#1006 = VECTOR('',#1007,1.);
#1007 = DIRECTION('',(-1.,-1.665334536938E-16,-1.665334536938E-16));
#1008 = ORIENTED_EDGE('',*,*,#1009,.F.);
#1009 = EDGE_CURVE('',#1010,#1002,#1012,.T.);
#1010 = VERTEX_POINT('',#1011);
#1011 = CARTESIAN_POINT('',(-11.176,2.921,0.9525));
#1012 = LINE('',#1013,#1014);
#1013 = CARTESIAN_POINT('',(-11.176,2.921,0.9525));
#1014 = VECTOR('',#1015,1.);
#1015 = DIRECTION('',(-1.665334536938E-16,-1.665334536938E-16,-1.));
#1016 = ORIENTED_EDGE('',*,*,#1017,.F.);
#1017 = EDGE_CURVE('',#994,#1010,#1018,.T.);
#1018 = LINE('',#1019,#1020);
#1019 = CARTESIAN_POINT('',(-11.684,2.921,0.9525));
#1020 = VECTOR('',#1021,1.);
#1021 = DIRECTION('',(1.,1.665334536938E-16,1.665334536938E-16));
#1022 = FACE_BOUND('',#1023,.T.);
#1023 = EDGE_LOOP('',(#1024,#1034,#1042,#1050));
#1024 = ORIENTED_EDGE('',*,*,#1025,.F.);
#1025 = EDGE_CURVE('',#1026,#1028,#1030,.T.);
#1026 = VERTEX_POINT('',#1027);
#1027 = CARTESIAN_POINT('',(-14.224,2.921,-0.9525));
#1028 = VERTEX_POINT('',#1029);
#1029 = CARTESIAN_POINT('',(-14.224,2.921,0.9525));
#1030 = LINE('',#1031,#1032);
#1031 = CARTESIAN_POINT('',(-14.224,2.921,-0.9525));
#1032 = VECTOR('',#1033,1.);
#1033 = DIRECTION('',(1.665334536938E-16,1.665334536938E-16,1.));
#1034 = ORIENTED_EDGE('',*,*,#1035,.F.);
#1035 = EDGE_CURVE('',#1036,#1026,#1038,.T.);
#1036 = VERTEX_POINT('',#1037);
#1037 = CARTESIAN_POINT('',(-13.716,2.921,-0.9525));
#1038 = LINE('',#1039,#1040);
#1039 = CARTESIAN_POINT('',(-13.716,2.921,-0.9525));
#1040 = VECTOR('',#1041,1.);
#1041 = DIRECTION('',(-1.,-1.665334536938E-16,-1.665334536938E-16));
#1042 = ORIENTED_EDGE('',*,*,#1043,.F.);
#1043 = EDGE_CURVE('',#1044,#1036,#1046,.T.);
#1044 = VERTEX_POINT('',#1045);
#1045 = CARTESIAN_POINT('',(-13.716,2.921,0.9525));
#1046 = LINE('',#1047,#1048);
#1047 = CARTESIAN_POINT('',(-13.716,2.921,0.9525));
#1048 = VECTOR('',#1049,1.);
#1049 = DIRECTION('',(-1.665334536938E-16,-1.665334536938E-16,-1.));
#1050 = ORIENTED_EDGE('',*,*,#1051,.F.);
#1051 = EDGE_CURVE('',#1028,#1044,#1052,.T.);
#1052 = LINE('',#1053,#1054);
#1053 = CARTESIAN_POINT('',(-14.224,2.921,0.9525));
#1054 = VECTOR('',#1055,1.);
#1055 = DIRECTION('',(1.,1.665334536938E-16,1.665334536938E-16));
#1056 = PLANE('',#1057);
#1057 = AXIS2_PLACEMENT_3D('',#1058,#1059,#1060);
#1058 = CARTESIAN_POINT('',(-16.51,2.921,2.54));
#1059 = DIRECTION('',(3.330669073875E-16,1.,1.110223024625E-16));
#1060 = DIRECTION('',(-1.665334536938E-16,-3.885780586188E-16,-1.));
#1061 = ADVANCED_FACE('',(#1062),#1135,.T.);
#1062 = FACE_BOUND('',#1063,.T.);
#1063 = EDGE_LOOP('',(#1064,#1072,#1073,#1074,#1082,#1090,#1098,#1106,
    #1114,#1120,#1121,#1129));
#1064 = ORIENTED_EDGE('',*,*,#1065,.F.);
#1065 = EDGE_CURVE('',#572,#1066,#1068,.T.);
#1066 = VERTEX_POINT('',#1067);
#1067 = CARTESIAN_POINT('',(0.3175,2.921,0.3175));
#1068 = LINE('',#1069,#1070);
#1069 = CARTESIAN_POINT('',(-8.09625,2.921,0.3175));
#1070 = VECTOR('',#1071,1.);
#1071 = DIRECTION('',(1.,5.551115123126E-17,2.775557561563E-16));
#1072 = ORIENTED_EDGE('',*,*,#571,.T.);
#1073 = ORIENTED_EDGE('',*,*,#499,.T.);
#1074 = ORIENTED_EDGE('',*,*,#1075,.T.);
#1075 = EDGE_CURVE('',#492,#1076,#1078,.T.);
#1076 = VERTEX_POINT('',#1077);
#1077 = CARTESIAN_POINT('',(1.27,2.921,0.9525));
#1078 = LINE('',#1079,#1080);
#1079 = CARTESIAN_POINT('',(1.27,2.921,2.54));
#1080 = VECTOR('',#1081,1.);
#1081 = DIRECTION('',(-2.22044604925E-16,-4.440892098501E-16,-1.));
#1082 = ORIENTED_EDGE('',*,*,#1083,.F.);
#1083 = EDGE_CURVE('',#1084,#1076,#1086,.T.);
#1084 = VERTEX_POINT('',#1085);
#1085 = CARTESIAN_POINT('',(1.016,2.921,0.9525));
#1086 = LINE('',#1087,#1088);
#1087 = CARTESIAN_POINT('',(1.016,2.921,0.9525));
#1088 = VECTOR('',#1089,1.);
#1089 = DIRECTION('',(1.,5.551115123126E-17,1.110223024625E-16));
#1090 = ORIENTED_EDGE('',*,*,#1091,.F.);
#1091 = EDGE_CURVE('',#1092,#1084,#1094,.T.);
#1092 = VERTEX_POINT('',#1093);
#1093 = CARTESIAN_POINT('',(1.016,2.921,-0.9525));
#1094 = LINE('',#1095,#1096);
#1095 = CARTESIAN_POINT('',(1.016,2.921,-0.9525));
#1096 = VECTOR('',#1097,1.);
#1097 = DIRECTION('',(5.551115123126E-17,1.110223024625E-16,1.));
#1098 = ORIENTED_EDGE('',*,*,#1099,.F.);
#1099 = EDGE_CURVE('',#1100,#1092,#1102,.T.);
#1100 = VERTEX_POINT('',#1101);
#1101 = CARTESIAN_POINT('',(1.27,2.921,-0.9525));
#1102 = LINE('',#1103,#1104);
#1103 = CARTESIAN_POINT('',(1.524,2.921,-0.9525));
#1104 = VECTOR('',#1105,1.);
#1105 = DIRECTION('',(-1.,-5.551115123126E-17,-1.110223024625E-16));
#1106 = ORIENTED_EDGE('',*,*,#1107,.T.);
#1107 = EDGE_CURVE('',#1100,#1108,#1110,.T.);
#1108 = VERTEX_POINT('',#1109);
#1109 = CARTESIAN_POINT('',(1.27,2.921,-1.9304));
#1110 = LINE('',#1111,#1112);
#1111 = CARTESIAN_POINT('',(1.27,2.921,2.54));
#1112 = VECTOR('',#1113,1.);
#1113 = DIRECTION('',(-2.22044604925E-16,-4.440892098501E-16,-1.));
#1114 = ORIENTED_EDGE('',*,*,#1115,.F.);
#1115 = EDGE_CURVE('',#604,#1108,#1116,.T.);
#1116 = LINE('',#1117,#1118);
#1117 = CARTESIAN_POINT('',(-16.51,2.921,-1.9304));
#1118 = VECTOR('',#1119,1.);
#1119 = DIRECTION('',(1.,1.665334536938E-16,3.885780586188E-16));
#1120 = ORIENTED_EDGE('',*,*,#603,.T.);
#1121 = ORIENTED_EDGE('',*,*,#1122,.F.);
#1122 = EDGE_CURVE('',#1123,#596,#1125,.T.);
#1123 = VERTEX_POINT('',#1124);
#1124 = CARTESIAN_POINT('',(0.3175,2.921,-0.3175));
#1125 = LINE('',#1126,#1127);
#1126 = CARTESIAN_POINT('',(-8.41375,2.921,-0.3175));
#1127 = VECTOR('',#1128,1.);
#1128 = DIRECTION('',(-1.,-5.551115123126E-17,-2.775557561563E-16));
#1129 = ORIENTED_EDGE('',*,*,#1130,.F.);
#1130 = EDGE_CURVE('',#1066,#1123,#1131,.T.);
#1131 = LINE('',#1132,#1133);
#1132 = CARTESIAN_POINT('',(0.3175,2.921,1.11125));
#1133 = VECTOR('',#1134,1.);
#1134 = DIRECTION('',(-1.110223024625E-16,-2.775557561563E-16,-1.));
#1135 = PLANE('',#1136);
#1136 = AXIS2_PLACEMENT_3D('',#1137,#1138,#1139);
#1137 = CARTESIAN_POINT('',(-16.51,2.921,2.54));
#1138 = DIRECTION('',(3.330669073875E-16,1.,1.110223024625E-16));
#1139 = DIRECTION('',(-1.665334536938E-16,-3.885780586188E-16,-1.));
#1140 = ADVANCED_FACE('',(#1141),#1168,.F.);
#1141 = FACE_BOUND('',#1142,.F.);
#1142 = EDGE_LOOP('',(#1143,#1144,#1145,#1153,#1161,#1167));
#1143 = ORIENTED_EDGE('',*,*,#515,.F.);
#1144 = ORIENTED_EDGE('',*,*,#547,.T.);
#1145 = ORIENTED_EDGE('',*,*,#1146,.F.);
#1146 = EDGE_CURVE('',#1147,#540,#1149,.T.);
#1147 = VERTEX_POINT('',#1148);
#1148 = CARTESIAN_POINT('',(-16.51,0.635,1.9304));
#1149 = LINE('',#1150,#1151);
#1150 = CARTESIAN_POINT('',(-16.51,0.635,1.9304));
#1151 = VECTOR('',#1152,1.);
#1152 = DIRECTION('',(-4.440892098501E-16,-1.,-2.22044604925E-16));
#1153 = ORIENTED_EDGE('',*,*,#1154,.F.);
#1154 = EDGE_CURVE('',#1155,#1147,#1157,.T.);
#1155 = VERTEX_POINT('',#1156);
#1156 = CARTESIAN_POINT('',(-16.51,0.635,0.9525));
#1157 = LINE('',#1158,#1159);
#1158 = CARTESIAN_POINT('',(-16.51,0.635,-2.5654));
#1159 = VECTOR('',#1160,1.);
#1160 = DIRECTION('',(2.22044604925E-16,4.440892098501E-16,1.));
#1161 = ORIENTED_EDGE('',*,*,#1162,.F.);
#1162 = EDGE_CURVE('',#563,#1155,#1163,.T.);
#1163 = LINE('',#1164,#1165);
#1164 = CARTESIAN_POINT('',(-16.51,3.050269631232,0.9525));
#1165 = VECTOR('',#1166,1.);
#1166 = DIRECTION('',(1.848892746612E-32,-1.,0.));
#1167 = ORIENTED_EDGE('',*,*,#562,.F.);
#1168 = PLANE('',#1169);
#1169 = AXIS2_PLACEMENT_3D('',#1170,#1171,#1172);
#1170 = CARTESIAN_POINT('',(-16.51,3.179539262465,-1.211087068042));
#1171 = DIRECTION('',(1.,2.22044604925E-16,4.440892098501E-16));
#1172 = DIRECTION('',(2.22044604925E-16,4.440892098501E-16,1.));
#1173 = ADVANCED_FACE('',(#1174),#1201,.T.);
#1174 = FACE_BOUND('',#1175,.T.);
#1175 = EDGE_LOOP('',(#1176,#1177,#1178,#1186,#1194,#1200));
#1176 = ORIENTED_EDGE('',*,*,#491,.F.);
#1177 = ORIENTED_EDGE('',*,*,#530,.T.);
#1178 = ORIENTED_EDGE('',*,*,#1179,.F.);
#1179 = EDGE_CURVE('',#1180,#531,#1182,.T.);
#1180 = VERTEX_POINT('',#1181);
#1181 = CARTESIAN_POINT('',(1.27,0.635,1.9304));
#1182 = LINE('',#1183,#1184);
#1183 = CARTESIAN_POINT('',(1.27,0.635,1.9304));
#1184 = VECTOR('',#1185,1.);
#1185 = DIRECTION('',(-4.440892098501E-16,-1.,-2.22044604925E-16));
#1186 = ORIENTED_EDGE('',*,*,#1187,.F.);
#1187 = EDGE_CURVE('',#1188,#1180,#1190,.T.);
#1188 = VERTEX_POINT('',#1189);
#1189 = CARTESIAN_POINT('',(1.27,0.635,0.9525));
#1190 = LINE('',#1191,#1192);
#1191 = CARTESIAN_POINT('',(1.27,0.635,-2.5654));
#1192 = VECTOR('',#1193,1.);
#1193 = DIRECTION('',(2.22044604925E-16,4.440892098501E-16,1.));
#1194 = ORIENTED_EDGE('',*,*,#1195,.F.);
#1195 = EDGE_CURVE('',#1076,#1188,#1196,.T.);
#1196 = LINE('',#1197,#1198);
#1197 = CARTESIAN_POINT('',(1.27,3.050269631232,0.9525));
#1198 = VECTOR('',#1199,1.);
#1199 = DIRECTION('',(1.848892746612E-32,-1.,3.08148791102E-33));
#1200 = ORIENTED_EDGE('',*,*,#1075,.F.);
#1201 = PLANE('',#1202);
#1202 = AXIS2_PLACEMENT_3D('',#1203,#1204,#1205);
#1203 = CARTESIAN_POINT('',(1.27,3.179539262465,-1.211087068042));
#1204 = DIRECTION('',(1.,2.22044604925E-16,4.440892098501E-16));
#1205 = DIRECTION('',(2.22044604925E-16,4.440892098501E-16,1.));
#1206 = ADVANCED_FACE('',(#1207),#1218,.T.);
#1207 = FACE_BOUND('',#1208,.T.);
#1208 = EDGE_LOOP('',(#1209,#1215,#1216,#1217));
#1209 = ORIENTED_EDGE('',*,*,#1210,.T.);
#1210 = EDGE_CURVE('',#1147,#1180,#1211,.T.);
#1211 = LINE('',#1212,#1213);
#1212 = CARTESIAN_POINT('',(-16.51,0.635,1.9304));
#1213 = VECTOR('',#1214,1.);
#1214 = DIRECTION('',(1.,1.665334536938E-16,3.885780586188E-16));
#1215 = ORIENTED_EDGE('',*,*,#1179,.T.);
#1216 = ORIENTED_EDGE('',*,*,#539,.F.);
#1217 = ORIENTED_EDGE('',*,*,#1146,.F.);
#1218 = PLANE('',#1219);
#1219 = AXIS2_PLACEMENT_3D('',#1220,#1221,#1222);
#1220 = CARTESIAN_POINT('',(-16.51,0.635,1.9304));
#1221 = DIRECTION('',(-1.110223024625E-16,-3.330669073875E-16,-1.));
#1222 = DIRECTION('',(-3.885780586188E-16,-1.,-1.665334536938E-16));
#1223 = ADVANCED_FACE('',(#1224),#1242,.F.);
#1224 = FACE_BOUND('',#1225,.F.);
#1225 = EDGE_LOOP('',(#1226,#1227,#1228,#1236));
#1226 = ORIENTED_EDGE('',*,*,#643,.F.);
#1227 = ORIENTED_EDGE('',*,*,#1162,.T.);
#1228 = ORIENTED_EDGE('',*,*,#1229,.F.);
#1229 = EDGE_CURVE('',#1230,#1155,#1232,.T.);
#1230 = VERTEX_POINT('',#1231);
#1231 = CARTESIAN_POINT('',(-16.256,0.635,0.9525));
#1232 = LINE('',#1233,#1234);
#1233 = CARTESIAN_POINT('',(-16.637,0.635,0.9525));
#1234 = VECTOR('',#1235,1.);
#1235 = DIRECTION('',(-1.,1.665334536938E-16,0.));
#1236 = ORIENTED_EDGE('',*,*,#1237,.F.);
#1237 = EDGE_CURVE('',#636,#1230,#1238,.T.);
#1238 = LINE('',#1239,#1240);
#1239 = CARTESIAN_POINT('',(-16.256,2.921,0.9525));
#1240 = VECTOR('',#1241,1.);
#1241 = DIRECTION('',(-1.110223024625E-16,-1.,-1.110223024625E-16));
#1242 = PLANE('',#1243);
#1243 = AXIS2_PLACEMENT_3D('',#1244,#1245,#1246);
#1244 = CARTESIAN_POINT('',(-16.764,2.921,0.9525));
#1245 = DIRECTION('',(5.551115123126E-17,5.551115123126E-17,1.));
#1246 = DIRECTION('',(1.,1.110223024625E-16,1.110223024625E-16));
#1247 = ADVANCED_FACE('',(#1248),#1266,.F.);
#1248 = FACE_BOUND('',#1249,.F.);
#1249 = EDGE_LOOP('',(#1250,#1251,#1252,#1260));
#1250 = ORIENTED_EDGE('',*,*,#635,.F.);
#1251 = ORIENTED_EDGE('',*,*,#1237,.T.);
#1252 = ORIENTED_EDGE('',*,*,#1253,.F.);
#1253 = EDGE_CURVE('',#1254,#1230,#1256,.T.);
#1254 = VERTEX_POINT('',#1255);
#1255 = CARTESIAN_POINT('',(-16.256,0.635,-0.9525));
#1256 = LINE('',#1257,#1258);
#1257 = CARTESIAN_POINT('',(-16.256,0.635,-0.80645));
#1258 = VECTOR('',#1259,1.);
#1259 = DIRECTION('',(0.,5.551115123126E-17,1.));
#1260 = ORIENTED_EDGE('',*,*,#1261,.F.);
#1261 = EDGE_CURVE('',#628,#1254,#1262,.T.);
#1262 = LINE('',#1263,#1264);
#1263 = CARTESIAN_POINT('',(-16.256,2.921,-0.9525));
#1264 = VECTOR('',#1265,1.);
#1265 = DIRECTION('',(-1.110223024625E-16,-1.,-1.110223024625E-16));
#1266 = PLANE('',#1267);
#1267 = AXIS2_PLACEMENT_3D('',#1268,#1269,#1270);
#1268 = CARTESIAN_POINT('',(-16.256,2.921,0.9525));
#1269 = DIRECTION('',(1.,5.551115123126E-17,5.551115123126E-17));
#1270 = DIRECTION('',(-1.110223024625E-16,-1.110223024625E-16,-1.));
#1271 = ADVANCED_FACE('',(#1272),#1290,.F.);
#1272 = FACE_BOUND('',#1273,.F.);
#1273 = EDGE_LOOP('',(#1274,#1275,#1276,#1284));
#1274 = ORIENTED_EDGE('',*,*,#627,.F.);
#1275 = ORIENTED_EDGE('',*,*,#1261,.T.);
#1276 = ORIENTED_EDGE('',*,*,#1277,.F.);
#1277 = EDGE_CURVE('',#1278,#1254,#1280,.T.);
#1278 = VERTEX_POINT('',#1279);
#1279 = CARTESIAN_POINT('',(-16.51,0.635,-0.9525));
#1280 = LINE('',#1281,#1282);
#1281 = CARTESIAN_POINT('',(-16.383,0.635,-0.9525));
#1282 = VECTOR('',#1283,1.);
#1283 = DIRECTION('',(1.,-1.665334536938E-16,0.));
#1284 = ORIENTED_EDGE('',*,*,#1285,.T.);
#1285 = EDGE_CURVE('',#1278,#620,#1286,.T.);
#1286 = LINE('',#1287,#1288);
#1287 = CARTESIAN_POINT('',(-16.51,3.050269631232,-0.9525));
#1288 = VECTOR('',#1289,1.);
#1289 = DIRECTION('',(-1.848892746612E-32,1.,0.));
#1290 = PLANE('',#1291);
#1291 = AXIS2_PLACEMENT_3D('',#1292,#1293,#1294);
#1292 = CARTESIAN_POINT('',(-16.256,2.921,-0.9525));
#1293 = DIRECTION('',(-5.551115123126E-17,-5.551115123126E-17,-1.));
#1294 = DIRECTION('',(-1.,-1.110223024625E-16,-1.110223024625E-16));
#1295 = ADVANCED_FACE('',(#1296),#1364,.F.);
#1296 = FACE_BOUND('',#1297,.F.);
#1297 = EDGE_LOOP('',(#1298,#1299,#1300,#1308,#1316,#1325,#1333,#1341,
    #1349,#1358));
#1298 = ORIENTED_EDGE('',*,*,#619,.F.);
#1299 = ORIENTED_EDGE('',*,*,#1285,.F.);
#1300 = ORIENTED_EDGE('',*,*,#1301,.F.);
#1301 = EDGE_CURVE('',#1302,#1278,#1304,.T.);
#1302 = VERTEX_POINT('',#1303);
#1303 = CARTESIAN_POINT('',(-16.51,0.635,-2.5654));
#1304 = LINE('',#1305,#1306);
#1305 = CARTESIAN_POINT('',(-16.51,0.635,-2.5654));
#1306 = VECTOR('',#1307,1.);
#1307 = DIRECTION('',(2.22044604925E-16,4.440892098501E-16,1.));
#1308 = ORIENTED_EDGE('',*,*,#1309,.F.);
#1309 = EDGE_CURVE('',#1310,#1302,#1312,.T.);
#1310 = VERTEX_POINT('',#1311);
#1311 = CARTESIAN_POINT('',(-16.51,0.3048,-2.5654));
#1312 = LINE('',#1313,#1314);
#1313 = CARTESIAN_POINT('',(-16.51,0.3048,-2.5654));
#1314 = VECTOR('',#1315,1.);
#1315 = DIRECTION('',(4.440892098501E-16,1.,2.22044604925E-16));
#1316 = ORIENTED_EDGE('',*,*,#1317,.T.);
#1317 = EDGE_CURVE('',#1310,#1318,#1320,.T.);
#1318 = VERTEX_POINT('',#1319);
#1319 = CARTESIAN_POINT('',(-16.51,0.3048,-3.175));
#1320 = CIRCLE('',#1321,0.3048);
#1321 = AXIS2_PLACEMENT_3D('',#1322,#1323,#1324);
#1322 = CARTESIAN_POINT('',(-16.51,0.3048,-2.8702));
#1323 = DIRECTION('',(1.,-4.440892098501E-16,-2.22044604925E-16));
#1324 = DIRECTION('',(4.440892098501E-16,1.,2.22044604925E-16));
#1325 = ORIENTED_EDGE('',*,*,#1326,.T.);
#1326 = EDGE_CURVE('',#1318,#1327,#1329,.T.);
#1327 = VERTEX_POINT('',#1328);
#1328 = CARTESIAN_POINT('',(-16.51,2.921,-3.175));
#1329 = LINE('',#1330,#1331);
#1330 = CARTESIAN_POINT('',(-16.51,0.3048,-3.175));
#1331 = VECTOR('',#1332,1.);
#1332 = DIRECTION('',(4.440892098501E-16,1.,2.22044604925E-16));
#1333 = ORIENTED_EDGE('',*,*,#1334,.T.);
#1334 = EDGE_CURVE('',#1327,#1335,#1337,.T.);
#1335 = VERTEX_POINT('',#1336);
#1336 = CARTESIAN_POINT('',(-16.51,2.921,-2.661125508872));
#1337 = LINE('',#1338,#1339);
#1338 = CARTESIAN_POINT('',(-16.51,2.921,-4.5212));
#1339 = VECTOR('',#1340,1.);
#1340 = DIRECTION('',(1.110223024625E-16,2.22044604925E-16,1.));
#1341 = ORIENTED_EDGE('',*,*,#1342,.T.);
#1342 = EDGE_CURVE('',#1335,#1343,#1345,.T.);
#1343 = VERTEX_POINT('',#1344);
#1344 = CARTESIAN_POINT('',(-16.51,2.3114,-2.7432));
#1345 = LINE('',#1346,#1347);
#1346 = CARTESIAN_POINT('',(-16.51,4.526612567019,-2.444951239866));
#1347 = VECTOR('',#1348,1.);
#1348 = DIRECTION('',(-4.69746119654E-16,-0.991057877156,-0.133432695121
    ));
#1349 = ORIENTED_EDGE('',*,*,#1350,.F.);
#1350 = EDGE_CURVE('',#1351,#1343,#1353,.T.);
#1351 = VERTEX_POINT('',#1352);
#1352 = CARTESIAN_POINT('',(-16.51,2.3114,-1.9304));
#1353 = CIRCLE('',#1354,0.4064);
#1354 = AXIS2_PLACEMENT_3D('',#1355,#1356,#1357);
#1355 = CARTESIAN_POINT('',(-16.51,2.3114,-2.3368));
#1356 = DIRECTION('',(1.,-4.440892098501E-16,-2.22044604925E-16));
#1357 = DIRECTION('',(4.440892098501E-16,1.,2.22044604925E-16));
#1358 = ORIENTED_EDGE('',*,*,#1359,.F.);
#1359 = EDGE_CURVE('',#612,#1351,#1360,.T.);
#1360 = LINE('',#1361,#1362);
#1361 = CARTESIAN_POINT('',(-16.51,2.921,-1.9304));
#1362 = VECTOR('',#1363,1.);
#1363 = DIRECTION('',(-4.440892098501E-16,-1.,-2.22044604925E-16));
#1364 = PLANE('',#1365);
#1365 = AXIS2_PLACEMENT_3D('',#1366,#1367,#1368);
#1366 = CARTESIAN_POINT('',(-16.51,3.179539262465,-1.211087068042));
#1367 = DIRECTION('',(1.,2.22044604925E-16,4.440892098501E-16));
#1368 = DIRECTION('',(2.22044604925E-16,4.440892098501E-16,1.));
#1369 = ADVANCED_FACE('',(#1370),#1389,.T.);
#1370 = FACE_BOUND('',#1371,.T.);
#1371 = EDGE_LOOP('',(#1372,#1373,#1374,#1382,#1388));
#1372 = ORIENTED_EDGE('',*,*,#611,.T.);
#1373 = ORIENTED_EDGE('',*,*,#1115,.T.);
#1374 = ORIENTED_EDGE('',*,*,#1375,.T.);
#1375 = EDGE_CURVE('',#1108,#1376,#1378,.T.);
#1376 = VERTEX_POINT('',#1377);
#1377 = CARTESIAN_POINT('',(1.27,2.3114,-1.9304));
#1378 = LINE('',#1379,#1380);
#1379 = CARTESIAN_POINT('',(1.27,2.921,-1.9304));
#1380 = VECTOR('',#1381,1.);
#1381 = DIRECTION('',(-4.440892098501E-16,-1.,-2.22044604925E-16));
#1382 = ORIENTED_EDGE('',*,*,#1383,.F.);
#1383 = EDGE_CURVE('',#1351,#1376,#1384,.T.);
#1384 = LINE('',#1385,#1386);
#1385 = CARTESIAN_POINT('',(-16.51,2.3114,-1.9304));
#1386 = VECTOR('',#1387,1.);
#1387 = DIRECTION('',(1.,1.665334536938E-16,3.885780586188E-16));
#1388 = ORIENTED_EDGE('',*,*,#1359,.F.);
#1389 = PLANE('',#1390);
#1390 = AXIS2_PLACEMENT_3D('',#1391,#1392,#1393);
#1391 = CARTESIAN_POINT('',(-16.51,2.921,-1.9304));
#1392 = DIRECTION('',(-1.110223024625E-16,-3.330669073875E-16,-1.));
#1393 = DIRECTION('',(-3.885780586188E-16,-1.,-1.665334536938E-16));
#1394 = ADVANCED_FACE('',(#1395),#1421,.F.);
#1395 = FACE_BOUND('',#1396,.F.);
#1396 = EDGE_LOOP('',(#1397,#1407,#1413,#1414,#1415));
#1397 = ORIENTED_EDGE('',*,*,#1398,.F.);
#1398 = EDGE_CURVE('',#1399,#1401,#1403,.T.);
#1399 = VERTEX_POINT('',#1400);
#1400 = CARTESIAN_POINT('',(-0.3175,0.635,-0.3175));
#1401 = VERTEX_POINT('',#1402);
#1402 = CARTESIAN_POINT('',(0.3175,0.635,-0.3175));
#1403 = LINE('',#1404,#1405);
#1404 = CARTESIAN_POINT('',(-8.41375,0.635,-0.3175));
#1405 = VECTOR('',#1406,1.);
#1406 = DIRECTION('',(1.,5.551115123126E-17,2.775557561563E-16));
#1407 = ORIENTED_EDGE('',*,*,#1408,.T.);
#1408 = EDGE_CURVE('',#1399,#588,#1409,.T.);
#1409 = LINE('',#1410,#1411);
#1410 = CARTESIAN_POINT('',(-0.3175,-1.938726956752E-16,-0.3175));
#1411 = VECTOR('',#1412,1.);
#1412 = DIRECTION('',(2.775557561563E-16,1.,-1.110223024625E-16));
#1413 = ORIENTED_EDGE('',*,*,#595,.F.);
#1414 = ORIENTED_EDGE('',*,*,#1122,.F.);
#1415 = ORIENTED_EDGE('',*,*,#1416,.F.);
#1416 = EDGE_CURVE('',#1401,#1123,#1417,.T.);
#1417 = LINE('',#1418,#1419);
#1418 = CARTESIAN_POINT('',(0.3175,-1.233735336115E-16,-0.3175));
#1419 = VECTOR('',#1420,1.);
#1420 = DIRECTION('',(2.775557561563E-16,1.,-1.110223024625E-16));
#1421 = PLANE('',#1422);
#1422 = AXIS2_PLACEMENT_3D('',#1423,#1424,#1425);
#1423 = CARTESIAN_POINT('',(-0.3175,-1.938726956752E-16,-0.3175));
#1424 = DIRECTION('',(-5.551115123126E-17,-4.440892098501E-16,-1.));
#1425 = DIRECTION('',(1.,1.110223024625E-16,2.775557561563E-16));
#1426 = ADVANCED_FACE('',(#1427),#1445,.F.);
#1427 = FACE_BOUND('',#1428,.F.);
#1428 = EDGE_LOOP('',(#1429,#1437,#1443,#1444));
#1429 = ORIENTED_EDGE('',*,*,#1430,.F.);
#1430 = EDGE_CURVE('',#1431,#1399,#1433,.T.);
#1431 = VERTEX_POINT('',#1432);
#1432 = CARTESIAN_POINT('',(-0.3175,0.635,0.3175));
#1433 = LINE('',#1434,#1435);
#1434 = CARTESIAN_POINT('',(-0.3175,0.635,-1.12395));
#1435 = VECTOR('',#1436,1.);
#1436 = DIRECTION('',(-1.110223024625E-16,-2.775557561563E-16,-1.));
#1437 = ORIENTED_EDGE('',*,*,#1438,.T.);
#1438 = EDGE_CURVE('',#1431,#580,#1439,.T.);
#1439 = LINE('',#1440,#1441);
#1440 = CARTESIAN_POINT('',(-0.3175,1.233735336115E-16,0.3175));
#1441 = VECTOR('',#1442,1.);
#1442 = DIRECTION('',(2.775557561563E-16,1.,-1.110223024625E-16));
#1443 = ORIENTED_EDGE('',*,*,#587,.F.);
#1444 = ORIENTED_EDGE('',*,*,#1408,.F.);
#1445 = PLANE('',#1446);
#1446 = AXIS2_PLACEMENT_3D('',#1447,#1448,#1449);
#1447 = CARTESIAN_POINT('',(-0.3175,1.233735336115E-16,0.3175));
#1448 = DIRECTION('',(-1.,-5.551115123126E-17,-2.22044604925E-16));
#1449 = DIRECTION('',(-1.110223024625E-16,-4.996003610813E-16,-1.));
#1450 = ADVANCED_FACE('',(#1451),#1470,.F.);
#1451 = FACE_BOUND('',#1452,.F.);
#1452 = EDGE_LOOP('',(#1453,#1461,#1467,#1468,#1469));
#1453 = ORIENTED_EDGE('',*,*,#1454,.F.);
#1454 = EDGE_CURVE('',#1455,#1431,#1457,.T.);
#1455 = VERTEX_POINT('',#1456);
#1456 = CARTESIAN_POINT('',(0.3175,0.635,0.3175));
#1457 = LINE('',#1458,#1459);
#1458 = CARTESIAN_POINT('',(-8.09625,0.635,0.3175));
#1459 = VECTOR('',#1460,1.);
#1460 = DIRECTION('',(-1.,-5.551115123126E-17,-2.775557561563E-16));
#1461 = ORIENTED_EDGE('',*,*,#1462,.T.);
#1462 = EDGE_CURVE('',#1455,#1066,#1463,.T.);
#1463 = LINE('',#1464,#1465);
#1464 = CARTESIAN_POINT('',(0.3175,1.938726956752E-16,0.3175));
#1465 = VECTOR('',#1466,1.);
#1466 = DIRECTION('',(2.775557561563E-16,1.,-1.110223024625E-16));
#1467 = ORIENTED_EDGE('',*,*,#1065,.F.);
#1468 = ORIENTED_EDGE('',*,*,#579,.F.);
#1469 = ORIENTED_EDGE('',*,*,#1438,.F.);
#1470 = PLANE('',#1471);
#1471 = AXIS2_PLACEMENT_3D('',#1472,#1473,#1474);
#1472 = CARTESIAN_POINT('',(0.3175,1.938726956752E-16,0.3175));
#1473 = DIRECTION('',(5.551115123126E-17,4.440892098501E-16,1.));
#1474 = DIRECTION('',(-1.,-1.110223024625E-16,-2.775557561563E-16));
#1475 = ADVANCED_FACE('',(#1476),#1501,.F.);
#1476 = FACE_BOUND('',#1477,.F.);
#1477 = EDGE_LOOP('',(#1478,#1479,#1487,#1495));
#1478 = ORIENTED_EDGE('',*,*,#651,.F.);
#1479 = ORIENTED_EDGE('',*,*,#1480,.T.);
#1480 = EDGE_CURVE('',#652,#1481,#1483,.T.);
#1481 = VERTEX_POINT('',#1482);
#1482 = CARTESIAN_POINT('',(-1.524,0.635,-0.9525));
#1483 = LINE('',#1484,#1485);
#1484 = CARTESIAN_POINT('',(-1.524,2.921,-0.9525));
#1485 = VECTOR('',#1486,1.);
#1486 = DIRECTION('',(-1.110223024625E-16,-1.,-1.110223024625E-16));
#1487 = ORIENTED_EDGE('',*,*,#1488,.F.);
#1488 = EDGE_CURVE('',#1489,#1481,#1491,.T.);
#1489 = VERTEX_POINT('',#1490);
#1490 = CARTESIAN_POINT('',(-1.524,0.635,0.9525));
#1491 = LINE('',#1492,#1493);
#1492 = CARTESIAN_POINT('',(-1.524,0.635,-1.75895));
#1493 = VECTOR('',#1494,1.);
#1494 = DIRECTION('',(-0.,-5.551115123126E-17,-1.));
#1495 = ORIENTED_EDGE('',*,*,#1496,.F.);
#1496 = EDGE_CURVE('',#654,#1489,#1497,.T.);
#1497 = LINE('',#1498,#1499);
#1498 = CARTESIAN_POINT('',(-1.524,2.921,0.9525));
#1499 = VECTOR('',#1500,1.);
#1500 = DIRECTION('',(-1.110223024625E-16,-1.,-1.110223024625E-16));
#1501 = PLANE('',#1502);
#1502 = AXIS2_PLACEMENT_3D('',#1503,#1504,#1505);
#1503 = CARTESIAN_POINT('',(-1.524,2.921,-0.9525));
#1504 = DIRECTION('',(-1.,-5.551115123126E-17,-5.551115123126E-17));
#1505 = DIRECTION('',(1.110223024625E-16,1.110223024625E-16,1.));
#1506 = ADVANCED_FACE('',(#1507),#1525,.F.);
#1507 = FACE_BOUND('',#1508,.F.);
#1508 = EDGE_LOOP('',(#1509,#1510,#1511,#1519));
#1509 = ORIENTED_EDGE('',*,*,#677,.F.);
#1510 = ORIENTED_EDGE('',*,*,#1496,.T.);
#1511 = ORIENTED_EDGE('',*,*,#1512,.F.);
#1512 = EDGE_CURVE('',#1513,#1489,#1515,.T.);
#1513 = VERTEX_POINT('',#1514);
#1514 = CARTESIAN_POINT('',(-1.016,0.635,0.9525));
#1515 = LINE('',#1516,#1517);
#1516 = CARTESIAN_POINT('',(-9.017,0.635,0.9525));
#1517 = VECTOR('',#1518,1.);
#1518 = DIRECTION('',(-1.,1.665334536938E-16,0.));
#1519 = ORIENTED_EDGE('',*,*,#1520,.F.);
#1520 = EDGE_CURVE('',#670,#1513,#1521,.T.);
#1521 = LINE('',#1522,#1523);
#1522 = CARTESIAN_POINT('',(-1.016,2.921,0.9525));
#1523 = VECTOR('',#1524,1.);
#1524 = DIRECTION('',(-1.110223024625E-16,-1.,-1.110223024625E-16));
#1525 = PLANE('',#1526);
#1526 = AXIS2_PLACEMENT_3D('',#1527,#1528,#1529);
#1527 = CARTESIAN_POINT('',(-1.524,2.921,0.9525));
#1528 = DIRECTION('',(5.551115123126E-17,5.551115123126E-17,1.));
#1529 = DIRECTION('',(1.,1.110223024625E-16,1.110223024625E-16));
#1530 = ADVANCED_FACE('',(#1531),#1549,.F.);
#1531 = FACE_BOUND('',#1532,.F.);
#1532 = EDGE_LOOP('',(#1533,#1534,#1535,#1543));
#1533 = ORIENTED_EDGE('',*,*,#669,.F.);
#1534 = ORIENTED_EDGE('',*,*,#1520,.T.);
#1535 = ORIENTED_EDGE('',*,*,#1536,.F.);
#1536 = EDGE_CURVE('',#1537,#1513,#1539,.T.);
#1537 = VERTEX_POINT('',#1538);
#1538 = CARTESIAN_POINT('',(-1.016,0.635,-0.9525));
#1539 = LINE('',#1540,#1541);
#1540 = CARTESIAN_POINT('',(-1.016,0.635,-0.80645));
#1541 = VECTOR('',#1542,1.);
#1542 = DIRECTION('',(0.,5.551115123126E-17,1.));
#1543 = ORIENTED_EDGE('',*,*,#1544,.F.);
#1544 = EDGE_CURVE('',#662,#1537,#1545,.T.);
#1545 = LINE('',#1546,#1547);
#1546 = CARTESIAN_POINT('',(-1.016,2.921,-0.9525));
#1547 = VECTOR('',#1548,1.);
#1548 = DIRECTION('',(-1.110223024625E-16,-1.,-1.110223024625E-16));
#1549 = PLANE('',#1550);
#1550 = AXIS2_PLACEMENT_3D('',#1551,#1552,#1553);
#1551 = CARTESIAN_POINT('',(-1.016,2.921,0.9525));
#1552 = DIRECTION('',(1.,5.551115123126E-17,5.551115123126E-17));
#1553 = DIRECTION('',(-1.110223024625E-16,-1.110223024625E-16,-1.));
#1554 = ADVANCED_FACE('',(#1555),#1566,.F.);
#1555 = FACE_BOUND('',#1556,.F.);
#1556 = EDGE_LOOP('',(#1557,#1558,#1559,#1565));
#1557 = ORIENTED_EDGE('',*,*,#661,.F.);
#1558 = ORIENTED_EDGE('',*,*,#1544,.T.);
#1559 = ORIENTED_EDGE('',*,*,#1560,.F.);
#1560 = EDGE_CURVE('',#1481,#1537,#1561,.T.);
#1561 = LINE('',#1562,#1563);
#1562 = CARTESIAN_POINT('',(-8.763,0.635,-0.9525));
#1563 = VECTOR('',#1564,1.);
#1564 = DIRECTION('',(1.,-1.665334536938E-16,0.));
#1565 = ORIENTED_EDGE('',*,*,#1480,.F.);
#1566 = PLANE('',#1567);
#1567 = AXIS2_PLACEMENT_3D('',#1568,#1569,#1570);
#1568 = CARTESIAN_POINT('',(-1.016,2.921,-0.9525));
#1569 = DIRECTION('',(-5.551115123126E-17,-5.551115123126E-17,-1.));
#1570 = DIRECTION('',(-1.,-1.110223024625E-16,-1.110223024625E-16));
#1571 = ADVANCED_FACE('',(#1572),#1597,.F.);
#1572 = FACE_BOUND('',#1573,.F.);
#1573 = EDGE_LOOP('',(#1574,#1584,#1590,#1591));
#1574 = ORIENTED_EDGE('',*,*,#1575,.F.);
#1575 = EDGE_CURVE('',#1576,#1578,#1580,.T.);
#1576 = VERTEX_POINT('',#1577);
#1577 = CARTESIAN_POINT('',(-2.8575,0.635,-0.3175));
#1578 = VERTEX_POINT('',#1579);
#1579 = CARTESIAN_POINT('',(-2.2225,0.635,-0.3175));
#1580 = LINE('',#1581,#1582);
#1581 = CARTESIAN_POINT('',(-9.68375,0.635,-0.3175));
#1582 = VECTOR('',#1583,1.);
#1583 = DIRECTION('',(1.,-5.551115123126E-17,1.110223024625E-16));
#1584 = ORIENTED_EDGE('',*,*,#1585,.T.);
#1585 = EDGE_CURVE('',#1576,#688,#1586,.T.);
#1586 = LINE('',#1587,#1588);
#1587 = CARTESIAN_POINT('',(-2.8575,-1.938726956752E-16,-0.3175));
#1588 = VECTOR('',#1589,1.);
#1589 = DIRECTION('',(2.22044604925E-16,1.,-5.551115123126E-17));
#1590 = ORIENTED_EDGE('',*,*,#685,.F.);
#1591 = ORIENTED_EDGE('',*,*,#1592,.F.);
#1592 = EDGE_CURVE('',#1578,#686,#1593,.T.);
#1593 = LINE('',#1594,#1595);
#1594 = CARTESIAN_POINT('',(-2.2225,-8.812395257962E-17,-0.3175));
#1595 = VECTOR('',#1596,1.);
#1596 = DIRECTION('',(2.22044604925E-16,1.,-5.551115123126E-17));
#1597 = PLANE('',#1598);
#1598 = AXIS2_PLACEMENT_3D('',#1599,#1600,#1601);
#1599 = CARTESIAN_POINT('',(-2.8575,-1.938726956752E-16,-0.3175));
#1600 = DIRECTION('',(-1.110223024625E-16,-3.885780586188E-16,-1.));
#1601 = DIRECTION('',(1.,1.665334536938E-16,2.22044604925E-16));
#1602 = ADVANCED_FACE('',(#1603),#1621,.F.);
#1603 = FACE_BOUND('',#1604,.F.);
#1604 = EDGE_LOOP('',(#1605,#1613,#1614,#1615));
#1605 = ORIENTED_EDGE('',*,*,#1606,.F.);
#1606 = EDGE_CURVE('',#1578,#1607,#1609,.T.);
#1607 = VERTEX_POINT('',#1608);
#1608 = CARTESIAN_POINT('',(-2.2225,0.635,0.3175));
#1609 = LINE('',#1610,#1611);
#1610 = CARTESIAN_POINT('',(-2.2225,0.635,-1.44145));
#1611 = VECTOR('',#1612,1.);
#1612 = DIRECTION('',(5.551115123126E-17,1.665334536938E-16,1.));
#1613 = ORIENTED_EDGE('',*,*,#1592,.T.);
#1614 = ORIENTED_EDGE('',*,*,#695,.F.);
#1615 = ORIENTED_EDGE('',*,*,#1616,.F.);
#1616 = EDGE_CURVE('',#1607,#696,#1617,.T.);
#1617 = LINE('',#1618,#1619);
#1618 = CARTESIAN_POINT('',(-2.2225,1.938726956752E-16,0.3175));
#1619 = VECTOR('',#1620,1.);
#1620 = DIRECTION('',(2.22044604925E-16,1.,-5.551115123126E-17));
#1621 = PLANE('',#1622);
#1622 = AXIS2_PLACEMENT_3D('',#1623,#1624,#1625);
#1623 = CARTESIAN_POINT('',(-2.2225,-8.812395257962E-17,-0.3175));
#1624 = DIRECTION('',(1.,1.110223024625E-16,1.665334536938E-16));
#1625 = DIRECTION('',(1.665334536938E-16,4.440892098501E-16,1.));
#1626 = ADVANCED_FACE('',(#1627),#1645,.F.);
#1627 = FACE_BOUND('',#1628,.F.);
#1628 = EDGE_LOOP('',(#1629,#1637,#1643,#1644));
#1629 = ORIENTED_EDGE('',*,*,#1630,.F.);
#1630 = EDGE_CURVE('',#1631,#1576,#1633,.T.);
#1631 = VERTEX_POINT('',#1632);
#1632 = CARTESIAN_POINT('',(-2.8575,0.635,0.3175));
#1633 = LINE('',#1634,#1635);
#1634 = CARTESIAN_POINT('',(-2.8575,0.635,-1.12395));
#1635 = VECTOR('',#1636,1.);
#1636 = DIRECTION('',(-5.551115123126E-17,-1.665334536938E-16,-1.));
#1637 = ORIENTED_EDGE('',*,*,#1638,.T.);
#1638 = EDGE_CURVE('',#1631,#704,#1639,.T.);
#1639 = LINE('',#1640,#1641);
#1640 = CARTESIAN_POINT('',(-2.8575,8.812395257962E-17,0.3175));
#1641 = VECTOR('',#1642,1.);
#1642 = DIRECTION('',(2.22044604925E-16,1.,-5.551115123126E-17));
#1643 = ORIENTED_EDGE('',*,*,#711,.F.);
#1644 = ORIENTED_EDGE('',*,*,#1585,.F.);
#1645 = PLANE('',#1646);
#1646 = AXIS2_PLACEMENT_3D('',#1647,#1648,#1649);
#1647 = CARTESIAN_POINT('',(-2.8575,8.812395257962E-17,0.3175));
#1648 = DIRECTION('',(-1.,-1.110223024625E-16,-1.665334536938E-16));
#1649 = DIRECTION('',(-1.665334536938E-16,-4.440892098501E-16,-1.));
#1650 = ADVANCED_FACE('',(#1651),#1662,.F.);
#1651 = FACE_BOUND('',#1652,.F.);
#1652 = EDGE_LOOP('',(#1653,#1659,#1660,#1661));
#1653 = ORIENTED_EDGE('',*,*,#1654,.F.);
#1654 = EDGE_CURVE('',#1607,#1631,#1655,.T.);
#1655 = LINE('',#1656,#1657);
#1656 = CARTESIAN_POINT('',(-9.36625,0.635,0.3175));
#1657 = VECTOR('',#1658,1.);
#1658 = DIRECTION('',(-1.,5.551115123126E-17,-1.110223024625E-16));
#1659 = ORIENTED_EDGE('',*,*,#1616,.T.);
#1660 = ORIENTED_EDGE('',*,*,#703,.F.);
#1661 = ORIENTED_EDGE('',*,*,#1638,.F.);
#1662 = PLANE('',#1663);
#1663 = AXIS2_PLACEMENT_3D('',#1664,#1665,#1666);
#1664 = CARTESIAN_POINT('',(-2.2225,1.938726956752E-16,0.3175));
#1665 = DIRECTION('',(1.110223024625E-16,3.885780586188E-16,1.));
#1666 = DIRECTION('',(-1.,-1.665334536938E-16,-2.22044604925E-16));
#1667 = ADVANCED_FACE('',(#1668),#1693,.F.);
#1668 = FACE_BOUND('',#1669,.F.);
#1669 = EDGE_LOOP('',(#1670,#1671,#1679,#1687));
#1670 = ORIENTED_EDGE('',*,*,#719,.F.);
#1671 = ORIENTED_EDGE('',*,*,#1672,.T.);
#1672 = EDGE_CURVE('',#720,#1673,#1675,.T.);
#1673 = VERTEX_POINT('',#1674);
#1674 = CARTESIAN_POINT('',(-4.064,0.635,-0.9525));
#1675 = LINE('',#1676,#1677);
#1676 = CARTESIAN_POINT('',(-4.064,2.921,-0.9525));
#1677 = VECTOR('',#1678,1.);
#1678 = DIRECTION('',(-1.110223024625E-16,-1.,-1.110223024625E-16));
#1679 = ORIENTED_EDGE('',*,*,#1680,.F.);
#1680 = EDGE_CURVE('',#1681,#1673,#1683,.T.);
#1681 = VERTEX_POINT('',#1682);
#1682 = CARTESIAN_POINT('',(-4.064,0.635,0.9525));
#1683 = LINE('',#1684,#1685);
#1684 = CARTESIAN_POINT('',(-4.064,0.635,-1.75895));
#1685 = VECTOR('',#1686,1.);
#1686 = DIRECTION('',(-0.,-5.551115123126E-17,-1.));
#1687 = ORIENTED_EDGE('',*,*,#1688,.F.);
#1688 = EDGE_CURVE('',#722,#1681,#1689,.T.);
#1689 = LINE('',#1690,#1691);
#1690 = CARTESIAN_POINT('',(-4.064,2.921,0.9525));
#1691 = VECTOR('',#1692,1.);
#1692 = DIRECTION('',(-1.110223024625E-16,-1.,-1.110223024625E-16));
#1693 = PLANE('',#1694);
#1694 = AXIS2_PLACEMENT_3D('',#1695,#1696,#1697);
#1695 = CARTESIAN_POINT('',(-4.064,2.921,-0.9525));
#1696 = DIRECTION('',(-1.,-5.551115123126E-17,-5.551115123126E-17));
#1697 = DIRECTION('',(1.110223024625E-16,1.110223024625E-16,1.));
#1698 = ADVANCED_FACE('',(#1699),#1717,.F.);
#1699 = FACE_BOUND('',#1700,.F.);
#1700 = EDGE_LOOP('',(#1701,#1702,#1703,#1711));
#1701 = ORIENTED_EDGE('',*,*,#745,.F.);
#1702 = ORIENTED_EDGE('',*,*,#1688,.T.);
#1703 = ORIENTED_EDGE('',*,*,#1704,.F.);
#1704 = EDGE_CURVE('',#1705,#1681,#1707,.T.);
#1705 = VERTEX_POINT('',#1706);
#1706 = CARTESIAN_POINT('',(-3.556,0.635,0.9525));
#1707 = LINE('',#1708,#1709);
#1708 = CARTESIAN_POINT('',(-10.287,0.635,0.9525));
#1709 = VECTOR('',#1710,1.);
#1710 = DIRECTION('',(-1.,1.665334536938E-16,0.));
#1711 = ORIENTED_EDGE('',*,*,#1712,.F.);
#1712 = EDGE_CURVE('',#738,#1705,#1713,.T.);
#1713 = LINE('',#1714,#1715);
#1714 = CARTESIAN_POINT('',(-3.556,2.921,0.9525));
#1715 = VECTOR('',#1716,1.);
#1716 = DIRECTION('',(-1.110223024625E-16,-1.,-1.110223024625E-16));
#1717 = PLANE('',#1718);
#1718 = AXIS2_PLACEMENT_3D('',#1719,#1720,#1721);
#1719 = CARTESIAN_POINT('',(-4.064,2.921,0.9525));
#1720 = DIRECTION('',(5.551115123126E-17,5.551115123126E-17,1.));
#1721 = DIRECTION('',(1.,1.110223024625E-16,1.110223024625E-16));
#1722 = ADVANCED_FACE('',(#1723),#1741,.F.);
#1723 = FACE_BOUND('',#1724,.F.);
#1724 = EDGE_LOOP('',(#1725,#1726,#1727,#1735));
#1725 = ORIENTED_EDGE('',*,*,#737,.F.);
#1726 = ORIENTED_EDGE('',*,*,#1712,.T.);
#1727 = ORIENTED_EDGE('',*,*,#1728,.F.);
#1728 = EDGE_CURVE('',#1729,#1705,#1731,.T.);
#1729 = VERTEX_POINT('',#1730);
#1730 = CARTESIAN_POINT('',(-3.556,0.635,-0.9525));
#1731 = LINE('',#1732,#1733);
#1732 = CARTESIAN_POINT('',(-3.556,0.635,-0.80645));
#1733 = VECTOR('',#1734,1.);
#1734 = DIRECTION('',(0.,5.551115123126E-17,1.));
#1735 = ORIENTED_EDGE('',*,*,#1736,.F.);
#1736 = EDGE_CURVE('',#730,#1729,#1737,.T.);
#1737 = LINE('',#1738,#1739);
#1738 = CARTESIAN_POINT('',(-3.556,2.921,-0.9525));
#1739 = VECTOR('',#1740,1.);
#1740 = DIRECTION('',(-1.110223024625E-16,-1.,-1.110223024625E-16));
#1741 = PLANE('',#1742);
#1742 = AXIS2_PLACEMENT_3D('',#1743,#1744,#1745);
#1743 = CARTESIAN_POINT('',(-3.556,2.921,0.9525));
#1744 = DIRECTION('',(1.,5.551115123126E-17,5.551115123126E-17));
#1745 = DIRECTION('',(-1.110223024625E-16,-1.110223024625E-16,-1.));
#1746 = ADVANCED_FACE('',(#1747),#1758,.F.);
#1747 = FACE_BOUND('',#1748,.F.);
#1748 = EDGE_LOOP('',(#1749,#1750,#1751,#1757));
#1749 = ORIENTED_EDGE('',*,*,#729,.F.);
#1750 = ORIENTED_EDGE('',*,*,#1736,.T.);
#1751 = ORIENTED_EDGE('',*,*,#1752,.F.);
#1752 = EDGE_CURVE('',#1673,#1729,#1753,.T.);
#1753 = LINE('',#1754,#1755);
#1754 = CARTESIAN_POINT('',(-10.033,0.635,-0.9525));
#1755 = VECTOR('',#1756,1.);
#1756 = DIRECTION('',(1.,-1.665334536938E-16,0.));
#1757 = ORIENTED_EDGE('',*,*,#1672,.F.);
#1758 = PLANE('',#1759);
#1759 = AXIS2_PLACEMENT_3D('',#1760,#1761,#1762);
#1760 = CARTESIAN_POINT('',(-3.556,2.921,-0.9525));
#1761 = DIRECTION('',(-5.551115123126E-17,-5.551115123126E-17,-1.));
#1762 = DIRECTION('',(-1.,-1.110223024625E-16,-1.110223024625E-16));
#1763 = ADVANCED_FACE('',(#1764),#1789,.F.);
#1764 = FACE_BOUND('',#1765,.F.);
#1765 = EDGE_LOOP('',(#1766,#1776,#1782,#1783));
#1766 = ORIENTED_EDGE('',*,*,#1767,.F.);
#1767 = EDGE_CURVE('',#1768,#1770,#1772,.T.);
#1768 = VERTEX_POINT('',#1769);
#1769 = CARTESIAN_POINT('',(-5.3975,0.635,-0.3175));
#1770 = VERTEX_POINT('',#1771);
#1771 = CARTESIAN_POINT('',(-4.7625,0.635,-0.3175));
#1772 = LINE('',#1773,#1774);
#1773 = CARTESIAN_POINT('',(-10.95375,0.635,-0.3175));
#1774 = VECTOR('',#1775,1.);
#1775 = DIRECTION('',(1.,-5.551115123126E-17,1.110223024625E-16));
#1776 = ORIENTED_EDGE('',*,*,#1777,.T.);
#1777 = EDGE_CURVE('',#1768,#756,#1778,.T.);
#1778 = LINE('',#1779,#1780);
#1779 = CARTESIAN_POINT('',(-5.3975,-1.938726956752E-16,-0.3175));
#1780 = VECTOR('',#1781,1.);
#1781 = DIRECTION('',(2.22044604925E-16,1.,-5.551115123126E-17));
#1782 = ORIENTED_EDGE('',*,*,#753,.F.);
#1783 = ORIENTED_EDGE('',*,*,#1784,.F.);
#1784 = EDGE_CURVE('',#1770,#754,#1785,.T.);
#1785 = LINE('',#1786,#1787);
#1786 = CARTESIAN_POINT('',(-4.7625,-8.812395257962E-17,-0.3175));
#1787 = VECTOR('',#1788,1.);
#1788 = DIRECTION('',(2.22044604925E-16,1.,-5.551115123126E-17));
#1789 = PLANE('',#1790);
#1790 = AXIS2_PLACEMENT_3D('',#1791,#1792,#1793);
#1791 = CARTESIAN_POINT('',(-5.3975,-1.938726956752E-16,-0.3175));
#1792 = DIRECTION('',(-1.110223024625E-16,-3.885780586188E-16,-1.));
#1793 = DIRECTION('',(1.,1.665334536938E-16,2.22044604925E-16));
#1794 = ADVANCED_FACE('',(#1795),#1813,.F.);
#1795 = FACE_BOUND('',#1796,.F.);
#1796 = EDGE_LOOP('',(#1797,#1805,#1806,#1807));
#1797 = ORIENTED_EDGE('',*,*,#1798,.F.);
#1798 = EDGE_CURVE('',#1770,#1799,#1801,.T.);
#1799 = VERTEX_POINT('',#1800);
#1800 = CARTESIAN_POINT('',(-4.7625,0.635,0.3175));
#1801 = LINE('',#1802,#1803);
#1802 = CARTESIAN_POINT('',(-4.7625,0.635,-1.44145));
#1803 = VECTOR('',#1804,1.);
#1804 = DIRECTION('',(5.551115123126E-17,1.665334536938E-16,1.));
#1805 = ORIENTED_EDGE('',*,*,#1784,.T.);
#1806 = ORIENTED_EDGE('',*,*,#763,.F.);
#1807 = ORIENTED_EDGE('',*,*,#1808,.F.);
#1808 = EDGE_CURVE('',#1799,#764,#1809,.T.);
#1809 = LINE('',#1810,#1811);
#1810 = CARTESIAN_POINT('',(-4.7625,1.938726956752E-16,0.3175));
#1811 = VECTOR('',#1812,1.);
#1812 = DIRECTION('',(2.22044604925E-16,1.,-5.551115123126E-17));
#1813 = PLANE('',#1814);
#1814 = AXIS2_PLACEMENT_3D('',#1815,#1816,#1817);
#1815 = CARTESIAN_POINT('',(-4.7625,-8.812395257962E-17,-0.3175));
#1816 = DIRECTION('',(1.,1.110223024625E-16,1.665334536938E-16));
#1817 = DIRECTION('',(1.665334536938E-16,4.440892098501E-16,1.));
#1818 = ADVANCED_FACE('',(#1819),#1837,.F.);
#1819 = FACE_BOUND('',#1820,.F.);
#1820 = EDGE_LOOP('',(#1821,#1829,#1835,#1836));
#1821 = ORIENTED_EDGE('',*,*,#1822,.F.);
#1822 = EDGE_CURVE('',#1823,#1768,#1825,.T.);
#1823 = VERTEX_POINT('',#1824);
#1824 = CARTESIAN_POINT('',(-5.3975,0.635,0.3175));
#1825 = LINE('',#1826,#1827);
#1826 = CARTESIAN_POINT('',(-5.3975,0.635,-1.12395));
#1827 = VECTOR('',#1828,1.);
#1828 = DIRECTION('',(-5.551115123126E-17,-1.665334536938E-16,-1.));
#1829 = ORIENTED_EDGE('',*,*,#1830,.T.);
#1830 = EDGE_CURVE('',#1823,#772,#1831,.T.);
#1831 = LINE('',#1832,#1833);
#1832 = CARTESIAN_POINT('',(-5.3975,8.812395257962E-17,0.3175));
#1833 = VECTOR('',#1834,1.);
#1834 = DIRECTION('',(2.22044604925E-16,1.,-5.551115123126E-17));
#1835 = ORIENTED_EDGE('',*,*,#779,.F.);
#1836 = ORIENTED_EDGE('',*,*,#1777,.F.);
#1837 = PLANE('',#1838);
#1838 = AXIS2_PLACEMENT_3D('',#1839,#1840,#1841);
#1839 = CARTESIAN_POINT('',(-5.3975,8.812395257962E-17,0.3175));
#1840 = DIRECTION('',(-1.,-1.110223024625E-16,-1.665334536938E-16));
#1841 = DIRECTION('',(-1.665334536938E-16,-4.440892098501E-16,-1.));
#1842 = ADVANCED_FACE('',(#1843),#1854,.F.);
#1843 = FACE_BOUND('',#1844,.F.);
#1844 = EDGE_LOOP('',(#1845,#1851,#1852,#1853));
#1845 = ORIENTED_EDGE('',*,*,#1846,.F.);
#1846 = EDGE_CURVE('',#1799,#1823,#1847,.T.);
#1847 = LINE('',#1848,#1849);
#1848 = CARTESIAN_POINT('',(-10.63625,0.635,0.3175));
#1849 = VECTOR('',#1850,1.);
#1850 = DIRECTION('',(-1.,5.551115123126E-17,-1.110223024625E-16));
#1851 = ORIENTED_EDGE('',*,*,#1808,.T.);
#1852 = ORIENTED_EDGE('',*,*,#771,.F.);
#1853 = ORIENTED_EDGE('',*,*,#1830,.F.);
#1854 = PLANE('',#1855);
#1855 = AXIS2_PLACEMENT_3D('',#1856,#1857,#1858);
#1856 = CARTESIAN_POINT('',(-4.7625,1.938726956752E-16,0.3175));
#1857 = DIRECTION('',(1.110223024625E-16,3.885780586188E-16,1.));
#1858 = DIRECTION('',(-1.,-1.665334536938E-16,-2.22044604925E-16));
#1859 = ADVANCED_FACE('',(#1860),#1885,.F.);
#1860 = FACE_BOUND('',#1861,.F.);
#1861 = EDGE_LOOP('',(#1862,#1872,#1878,#1879));
#1862 = ORIENTED_EDGE('',*,*,#1863,.F.);
#1863 = EDGE_CURVE('',#1864,#1866,#1868,.T.);
#1864 = VERTEX_POINT('',#1865);
#1865 = CARTESIAN_POINT('',(-7.9375,0.635,-0.3175));
#1866 = VERTEX_POINT('',#1867);
#1867 = CARTESIAN_POINT('',(-7.3025,0.635,-0.3175));
#1868 = LINE('',#1869,#1870);
#1869 = CARTESIAN_POINT('',(-12.22375,0.635,-0.3175));
#1870 = VECTOR('',#1871,1.);
#1871 = DIRECTION('',(1.,-5.551115123126E-17,1.110223024625E-16));
#1872 = ORIENTED_EDGE('',*,*,#1873,.T.);
#1873 = EDGE_CURVE('',#1864,#790,#1874,.T.);
#1874 = LINE('',#1875,#1876);
#1875 = CARTESIAN_POINT('',(-7.9375,-1.938726956752E-16,-0.3175));
#1876 = VECTOR('',#1877,1.);
#1877 = DIRECTION('',(2.22044604925E-16,1.,-5.551115123126E-17));
#1878 = ORIENTED_EDGE('',*,*,#787,.F.);
#1879 = ORIENTED_EDGE('',*,*,#1880,.F.);
#1880 = EDGE_CURVE('',#1866,#788,#1881,.T.);
#1881 = LINE('',#1882,#1883);
#1882 = CARTESIAN_POINT('',(-7.3025,-8.812395257962E-17,-0.3175));
#1883 = VECTOR('',#1884,1.);
#1884 = DIRECTION('',(2.22044604925E-16,1.,-5.551115123126E-17));
#1885 = PLANE('',#1886);
#1886 = AXIS2_PLACEMENT_3D('',#1887,#1888,#1889);
#1887 = CARTESIAN_POINT('',(-7.9375,-1.938726956752E-16,-0.3175));
#1888 = DIRECTION('',(-1.110223024625E-16,-3.885780586188E-16,-1.));
#1889 = DIRECTION('',(1.,1.665334536938E-16,2.22044604925E-16));
#1890 = ADVANCED_FACE('',(#1891),#1909,.F.);
#1891 = FACE_BOUND('',#1892,.F.);
#1892 = EDGE_LOOP('',(#1893,#1901,#1902,#1903));
#1893 = ORIENTED_EDGE('',*,*,#1894,.F.);
#1894 = EDGE_CURVE('',#1866,#1895,#1897,.T.);
#1895 = VERTEX_POINT('',#1896);
#1896 = CARTESIAN_POINT('',(-7.3025,0.635,0.3175));
#1897 = LINE('',#1898,#1899);
#1898 = CARTESIAN_POINT('',(-7.3025,0.635,-1.44145));
#1899 = VECTOR('',#1900,1.);
#1900 = DIRECTION('',(5.551115123126E-17,1.665334536938E-16,1.));
#1901 = ORIENTED_EDGE('',*,*,#1880,.T.);
#1902 = ORIENTED_EDGE('',*,*,#797,.F.);
#1903 = ORIENTED_EDGE('',*,*,#1904,.F.);
#1904 = EDGE_CURVE('',#1895,#798,#1905,.T.);
#1905 = LINE('',#1906,#1907);
#1906 = CARTESIAN_POINT('',(-7.3025,1.938726956752E-16,0.3175));
#1907 = VECTOR('',#1908,1.);
#1908 = DIRECTION('',(2.22044604925E-16,1.,-5.551115123126E-17));
#1909 = PLANE('',#1910);
#1910 = AXIS2_PLACEMENT_3D('',#1911,#1912,#1913);
#1911 = CARTESIAN_POINT('',(-7.3025,-8.812395257962E-17,-0.3175));
#1912 = DIRECTION('',(1.,1.110223024625E-16,1.665334536938E-16));
#1913 = DIRECTION('',(1.665334536938E-16,4.440892098501E-16,1.));
#1914 = ADVANCED_FACE('',(#1915),#1933,.F.);
#1915 = FACE_BOUND('',#1916,.F.);
#1916 = EDGE_LOOP('',(#1917,#1925,#1931,#1932));
#1917 = ORIENTED_EDGE('',*,*,#1918,.F.);
#1918 = EDGE_CURVE('',#1919,#1864,#1921,.T.);
#1919 = VERTEX_POINT('',#1920);
#1920 = CARTESIAN_POINT('',(-7.9375,0.635,0.3175));
#1921 = LINE('',#1922,#1923);
#1922 = CARTESIAN_POINT('',(-7.9375,0.635,-1.12395));
#1923 = VECTOR('',#1924,1.);
#1924 = DIRECTION('',(-5.551115123126E-17,-1.665334536938E-16,-1.));
#1925 = ORIENTED_EDGE('',*,*,#1926,.T.);
#1926 = EDGE_CURVE('',#1919,#806,#1927,.T.);
#1927 = LINE('',#1928,#1929);
#1928 = CARTESIAN_POINT('',(-7.9375,8.812395257962E-17,0.3175));
#1929 = VECTOR('',#1930,1.);
#1930 = DIRECTION('',(2.22044604925E-16,1.,-5.551115123126E-17));
#1931 = ORIENTED_EDGE('',*,*,#813,.F.);
#1932 = ORIENTED_EDGE('',*,*,#1873,.F.);
#1933 = PLANE('',#1934);
#1934 = AXIS2_PLACEMENT_3D('',#1935,#1936,#1937);
#1935 = CARTESIAN_POINT('',(-7.9375,8.812395257962E-17,0.3175));
#1936 = DIRECTION('',(-1.,-1.110223024625E-16,-1.665334536938E-16));
#1937 = DIRECTION('',(-1.665334536938E-16,-4.440892098501E-16,-1.));
#1938 = ADVANCED_FACE('',(#1939),#1950,.F.);
#1939 = FACE_BOUND('',#1940,.F.);
#1940 = EDGE_LOOP('',(#1941,#1947,#1948,#1949));
#1941 = ORIENTED_EDGE('',*,*,#1942,.F.);
#1942 = EDGE_CURVE('',#1895,#1919,#1943,.T.);
#1943 = LINE('',#1944,#1945);
#1944 = CARTESIAN_POINT('',(-11.90625,0.635,0.3175));
#1945 = VECTOR('',#1946,1.);
#1946 = DIRECTION('',(-1.,5.551115123126E-17,-1.110223024625E-16));
#1947 = ORIENTED_EDGE('',*,*,#1904,.T.);
#1948 = ORIENTED_EDGE('',*,*,#805,.F.);
#1949 = ORIENTED_EDGE('',*,*,#1926,.F.);
#1950 = PLANE('',#1951);
#1951 = AXIS2_PLACEMENT_3D('',#1952,#1953,#1954);
#1952 = CARTESIAN_POINT('',(-7.3025,1.938726956752E-16,0.3175));
#1953 = DIRECTION('',(1.110223024625E-16,3.885780586188E-16,1.));
#1954 = DIRECTION('',(-1.,-1.665334536938E-16,-2.22044604925E-16));
#1955 = ADVANCED_FACE('',(#1956),#1981,.F.);
#1956 = FACE_BOUND('',#1957,.F.);
#1957 = EDGE_LOOP('',(#1958,#1959,#1967,#1975));
#1958 = ORIENTED_EDGE('',*,*,#821,.F.);
#1959 = ORIENTED_EDGE('',*,*,#1960,.T.);
#1960 = EDGE_CURVE('',#822,#1961,#1963,.T.);
#1961 = VERTEX_POINT('',#1962);
#1962 = CARTESIAN_POINT('',(-6.604,0.635,-0.9525));
#1963 = LINE('',#1964,#1965);
#1964 = CARTESIAN_POINT('',(-6.604,2.921,-0.9525));
#1965 = VECTOR('',#1966,1.);
#1966 = DIRECTION('',(-1.110223024625E-16,-1.,-1.110223024625E-16));
#1967 = ORIENTED_EDGE('',*,*,#1968,.F.);
#1968 = EDGE_CURVE('',#1969,#1961,#1971,.T.);
#1969 = VERTEX_POINT('',#1970);
#1970 = CARTESIAN_POINT('',(-6.604,0.635,0.9525));
#1971 = LINE('',#1972,#1973);
#1972 = CARTESIAN_POINT('',(-6.604,0.635,-1.75895));
#1973 = VECTOR('',#1974,1.);
#1974 = DIRECTION('',(-0.,-5.551115123126E-17,-1.));
#1975 = ORIENTED_EDGE('',*,*,#1976,.F.);
#1976 = EDGE_CURVE('',#824,#1969,#1977,.T.);
#1977 = LINE('',#1978,#1979);
#1978 = CARTESIAN_POINT('',(-6.604,2.921,0.9525));
#1979 = VECTOR('',#1980,1.);
#1980 = DIRECTION('',(-1.110223024625E-16,-1.,-1.110223024625E-16));
#1981 = PLANE('',#1982);
#1982 = AXIS2_PLACEMENT_3D('',#1983,#1984,#1985);
#1983 = CARTESIAN_POINT('',(-6.604,2.921,-0.9525));
#1984 = DIRECTION('',(-1.,-5.551115123126E-17,-5.551115123126E-17));
#1985 = DIRECTION('',(1.110223024625E-16,1.110223024625E-16,1.));
#1986 = ADVANCED_FACE('',(#1987),#2005,.F.);
#1987 = FACE_BOUND('',#1988,.F.);
#1988 = EDGE_LOOP('',(#1989,#1990,#1991,#1999));
#1989 = ORIENTED_EDGE('',*,*,#847,.F.);
#1990 = ORIENTED_EDGE('',*,*,#1976,.T.);
#1991 = ORIENTED_EDGE('',*,*,#1992,.F.);
#1992 = EDGE_CURVE('',#1993,#1969,#1995,.T.);
#1993 = VERTEX_POINT('',#1994);
#1994 = CARTESIAN_POINT('',(-6.096,0.635,0.9525));
#1995 = LINE('',#1996,#1997);
#1996 = CARTESIAN_POINT('',(-11.557,0.635,0.9525));
#1997 = VECTOR('',#1998,1.);
#1998 = DIRECTION('',(-1.,1.665334536938E-16,0.));
#1999 = ORIENTED_EDGE('',*,*,#2000,.F.);
#2000 = EDGE_CURVE('',#840,#1993,#2001,.T.);
#2001 = LINE('',#2002,#2003);
#2002 = CARTESIAN_POINT('',(-6.096,2.921,0.9525));
#2003 = VECTOR('',#2004,1.);
#2004 = DIRECTION('',(-1.110223024625E-16,-1.,-1.110223024625E-16));
#2005 = PLANE('',#2006);
#2006 = AXIS2_PLACEMENT_3D('',#2007,#2008,#2009);
#2007 = CARTESIAN_POINT('',(-6.604,2.921,0.9525));
#2008 = DIRECTION('',(5.551115123126E-17,5.551115123126E-17,1.));
#2009 = DIRECTION('',(1.,1.110223024625E-16,1.110223024625E-16));
#2010 = ADVANCED_FACE('',(#2011),#2029,.F.);
#2011 = FACE_BOUND('',#2012,.F.);
#2012 = EDGE_LOOP('',(#2013,#2014,#2015,#2023));
#2013 = ORIENTED_EDGE('',*,*,#839,.F.);
#2014 = ORIENTED_EDGE('',*,*,#2000,.T.);
#2015 = ORIENTED_EDGE('',*,*,#2016,.F.);
#2016 = EDGE_CURVE('',#2017,#1993,#2019,.T.);
#2017 = VERTEX_POINT('',#2018);
#2018 = CARTESIAN_POINT('',(-6.096,0.635,-0.9525));
#2019 = LINE('',#2020,#2021);
#2020 = CARTESIAN_POINT('',(-6.096,0.635,-0.80645));
#2021 = VECTOR('',#2022,1.);
#2022 = DIRECTION('',(0.,5.551115123126E-17,1.));
#2023 = ORIENTED_EDGE('',*,*,#2024,.F.);
#2024 = EDGE_CURVE('',#832,#2017,#2025,.T.);
#2025 = LINE('',#2026,#2027);
#2026 = CARTESIAN_POINT('',(-6.096,2.921,-0.9525));
#2027 = VECTOR('',#2028,1.);
#2028 = DIRECTION('',(-1.110223024625E-16,-1.,-1.110223024625E-16));
#2029 = PLANE('',#2030);
#2030 = AXIS2_PLACEMENT_3D('',#2031,#2032,#2033);
#2031 = CARTESIAN_POINT('',(-6.096,2.921,0.9525));
#2032 = DIRECTION('',(1.,5.551115123126E-17,5.551115123126E-17));
#2033 = DIRECTION('',(-1.110223024625E-16,-1.110223024625E-16,-1.));
#2034 = ADVANCED_FACE('',(#2035),#2046,.F.);
#2035 = FACE_BOUND('',#2036,.F.);
#2036 = EDGE_LOOP('',(#2037,#2038,#2039,#2045));
#2037 = ORIENTED_EDGE('',*,*,#831,.F.);
#2038 = ORIENTED_EDGE('',*,*,#2024,.T.);
#2039 = ORIENTED_EDGE('',*,*,#2040,.F.);
#2040 = EDGE_CURVE('',#1961,#2017,#2041,.T.);
#2041 = LINE('',#2042,#2043);
#2042 = CARTESIAN_POINT('',(-11.303,0.635,-0.9525));
#2043 = VECTOR('',#2044,1.);
#2044 = DIRECTION('',(1.,-1.665334536938E-16,0.));
#2045 = ORIENTED_EDGE('',*,*,#1960,.F.);
#2046 = PLANE('',#2047);
#2047 = AXIS2_PLACEMENT_3D('',#2048,#2049,#2050);
#2048 = CARTESIAN_POINT('',(-6.096,2.921,-0.9525));
#2049 = DIRECTION('',(-5.551115123126E-17,-5.551115123126E-17,-1.));
#2050 = DIRECTION('',(-1.,-1.110223024625E-16,-1.110223024625E-16));
#2051 = ADVANCED_FACE('',(#2052),#2077,.F.);
#2052 = FACE_BOUND('',#2053,.F.);
#2053 = EDGE_LOOP('',(#2054,#2064,#2070,#2071));
#2054 = ORIENTED_EDGE('',*,*,#2055,.F.);
#2055 = EDGE_CURVE('',#2056,#2058,#2060,.T.);
#2056 = VERTEX_POINT('',#2057);
#2057 = CARTESIAN_POINT('',(-10.4775,0.635,-0.3175));
#2058 = VERTEX_POINT('',#2059);
#2059 = CARTESIAN_POINT('',(-9.8425,0.635,-0.3175));
#2060 = LINE('',#2061,#2062);
#2061 = CARTESIAN_POINT('',(-13.49375,0.635,-0.3175));
#2062 = VECTOR('',#2063,1.);
#2063 = DIRECTION('',(1.,-5.551115123126E-17,1.110223024625E-16));
#2064 = ORIENTED_EDGE('',*,*,#2065,.T.);
#2065 = EDGE_CURVE('',#2056,#858,#2066,.T.);
#2066 = LINE('',#2067,#2068);
#2067 = CARTESIAN_POINT('',(-10.4775,-1.938726956752E-16,-0.3175));
#2068 = VECTOR('',#2069,1.);
#2069 = DIRECTION('',(2.22044604925E-16,1.,-5.551115123126E-17));
#2070 = ORIENTED_EDGE('',*,*,#855,.F.);
#2071 = ORIENTED_EDGE('',*,*,#2072,.F.);
#2072 = EDGE_CURVE('',#2058,#856,#2073,.T.);
#2073 = LINE('',#2074,#2075);
#2074 = CARTESIAN_POINT('',(-9.8425,-8.812395257962E-17,-0.3175));
#2075 = VECTOR('',#2076,1.);
#2076 = DIRECTION('',(2.22044604925E-16,1.,-5.551115123126E-17));
#2077 = PLANE('',#2078);
#2078 = AXIS2_PLACEMENT_3D('',#2079,#2080,#2081);
#2079 = CARTESIAN_POINT('',(-10.4775,-1.938726956752E-16,-0.3175));
#2080 = DIRECTION('',(-1.110223024625E-16,-3.885780586188E-16,-1.));
#2081 = DIRECTION('',(1.,1.665334536938E-16,2.22044604925E-16));
#2082 = ADVANCED_FACE('',(#2083),#2101,.F.);
#2083 = FACE_BOUND('',#2084,.F.);
#2084 = EDGE_LOOP('',(#2085,#2093,#2094,#2095));
#2085 = ORIENTED_EDGE('',*,*,#2086,.F.);
#2086 = EDGE_CURVE('',#2058,#2087,#2089,.T.);
#2087 = VERTEX_POINT('',#2088);
#2088 = CARTESIAN_POINT('',(-9.8425,0.635,0.3175));
#2089 = LINE('',#2090,#2091);
#2090 = CARTESIAN_POINT('',(-9.8425,0.635,-1.44145));
#2091 = VECTOR('',#2092,1.);
#2092 = DIRECTION('',(5.551115123126E-17,1.665334536938E-16,1.));
#2093 = ORIENTED_EDGE('',*,*,#2072,.T.);
#2094 = ORIENTED_EDGE('',*,*,#865,.F.);
#2095 = ORIENTED_EDGE('',*,*,#2096,.F.);
#2096 = EDGE_CURVE('',#2087,#866,#2097,.T.);
#2097 = LINE('',#2098,#2099);
#2098 = CARTESIAN_POINT('',(-9.8425,1.938726956752E-16,0.3175));
#2099 = VECTOR('',#2100,1.);
#2100 = DIRECTION('',(2.22044604925E-16,1.,-5.551115123126E-17));
#2101 = PLANE('',#2102);
#2102 = AXIS2_PLACEMENT_3D('',#2103,#2104,#2105);
#2103 = CARTESIAN_POINT('',(-9.8425,-8.812395257962E-17,-0.3175));
#2104 = DIRECTION('',(1.,1.110223024625E-16,1.665334536938E-16));
#2105 = DIRECTION('',(1.665334536938E-16,4.440892098501E-16,1.));
#2106 = ADVANCED_FACE('',(#2107),#2125,.F.);
#2107 = FACE_BOUND('',#2108,.F.);
#2108 = EDGE_LOOP('',(#2109,#2117,#2123,#2124));
#2109 = ORIENTED_EDGE('',*,*,#2110,.F.);
#2110 = EDGE_CURVE('',#2111,#2056,#2113,.T.);
#2111 = VERTEX_POINT('',#2112);
#2112 = CARTESIAN_POINT('',(-10.4775,0.635,0.3175));
#2113 = LINE('',#2114,#2115);
#2114 = CARTESIAN_POINT('',(-10.4775,0.635,-1.12395));
#2115 = VECTOR('',#2116,1.);
#2116 = DIRECTION('',(-5.551115123126E-17,-1.665334536938E-16,-1.));
#2117 = ORIENTED_EDGE('',*,*,#2118,.T.);
#2118 = EDGE_CURVE('',#2111,#874,#2119,.T.);
#2119 = LINE('',#2120,#2121);
#2120 = CARTESIAN_POINT('',(-10.4775,8.812395257962E-17,0.3175));
#2121 = VECTOR('',#2122,1.);
#2122 = DIRECTION('',(2.22044604925E-16,1.,-5.551115123126E-17));
#2123 = ORIENTED_EDGE('',*,*,#881,.F.);
#2124 = ORIENTED_EDGE('',*,*,#2065,.F.);
#2125 = PLANE('',#2126);
#2126 = AXIS2_PLACEMENT_3D('',#2127,#2128,#2129);
#2127 = CARTESIAN_POINT('',(-10.4775,8.812395257962E-17,0.3175));
#2128 = DIRECTION('',(-1.,-1.110223024625E-16,-1.665334536938E-16));
#2129 = DIRECTION('',(-1.665334536938E-16,-4.440892098501E-16,-1.));
#2130 = ADVANCED_FACE('',(#2131),#2142,.F.);
#2131 = FACE_BOUND('',#2132,.F.);
#2132 = EDGE_LOOP('',(#2133,#2139,#2140,#2141));
#2133 = ORIENTED_EDGE('',*,*,#2134,.F.);
#2134 = EDGE_CURVE('',#2087,#2111,#2135,.T.);
#2135 = LINE('',#2136,#2137);
#2136 = CARTESIAN_POINT('',(-13.17625,0.635,0.3175));
#2137 = VECTOR('',#2138,1.);
#2138 = DIRECTION('',(-1.,5.551115123126E-17,-1.110223024625E-16));
#2139 = ORIENTED_EDGE('',*,*,#2096,.T.);
#2140 = ORIENTED_EDGE('',*,*,#873,.F.);
#2141 = ORIENTED_EDGE('',*,*,#2118,.F.);
#2142 = PLANE('',#2143);
#2143 = AXIS2_PLACEMENT_3D('',#2144,#2145,#2146);
#2144 = CARTESIAN_POINT('',(-9.8425,1.938726956752E-16,0.3175));
#2145 = DIRECTION('',(1.110223024625E-16,3.885780586188E-16,1.));
#2146 = DIRECTION('',(-1.,-1.665334536938E-16,-2.22044604925E-16));
#2147 = ADVANCED_FACE('',(#2148),#2173,.F.);
#2148 = FACE_BOUND('',#2149,.F.);
#2149 = EDGE_LOOP('',(#2150,#2160,#2166,#2167));
#2150 = ORIENTED_EDGE('',*,*,#2151,.F.);
#2151 = EDGE_CURVE('',#2152,#2154,#2156,.T.);
#2152 = VERTEX_POINT('',#2153);
#2153 = CARTESIAN_POINT('',(-13.0175,0.635,-0.3175));
#2154 = VERTEX_POINT('',#2155);
#2155 = CARTESIAN_POINT('',(-12.3825,0.635,-0.3175));
#2156 = LINE('',#2157,#2158);
#2157 = CARTESIAN_POINT('',(-14.76375,0.635,-0.3175));
#2158 = VECTOR('',#2159,1.);
#2159 = DIRECTION('',(1.,-5.551115123126E-17,1.110223024625E-16));
#2160 = ORIENTED_EDGE('',*,*,#2161,.T.);
#2161 = EDGE_CURVE('',#2152,#892,#2162,.T.);
#2162 = LINE('',#2163,#2164);
#2163 = CARTESIAN_POINT('',(-13.0175,-1.938726956752E-16,-0.3175));
#2164 = VECTOR('',#2165,1.);
#2165 = DIRECTION('',(2.22044604925E-16,1.,-5.551115123126E-17));
#2166 = ORIENTED_EDGE('',*,*,#889,.F.);
#2167 = ORIENTED_EDGE('',*,*,#2168,.F.);
#2168 = EDGE_CURVE('',#2154,#890,#2169,.T.);
#2169 = LINE('',#2170,#2171);
#2170 = CARTESIAN_POINT('',(-12.3825,-8.812395257962E-17,-0.3175));
#2171 = VECTOR('',#2172,1.);
#2172 = DIRECTION('',(2.22044604925E-16,1.,-5.551115123126E-17));
#2173 = PLANE('',#2174);
#2174 = AXIS2_PLACEMENT_3D('',#2175,#2176,#2177);
#2175 = CARTESIAN_POINT('',(-13.0175,-1.938726956752E-16,-0.3175));
#2176 = DIRECTION('',(-1.110223024625E-16,-3.885780586188E-16,-1.));
#2177 = DIRECTION('',(1.,1.665334536938E-16,2.22044604925E-16));
#2178 = ADVANCED_FACE('',(#2179),#2197,.F.);
#2179 = FACE_BOUND('',#2180,.F.);
#2180 = EDGE_LOOP('',(#2181,#2189,#2190,#2191));
#2181 = ORIENTED_EDGE('',*,*,#2182,.F.);
#2182 = EDGE_CURVE('',#2154,#2183,#2185,.T.);
#2183 = VERTEX_POINT('',#2184);
#2184 = CARTESIAN_POINT('',(-12.3825,0.635,0.3175));
#2185 = LINE('',#2186,#2187);
#2186 = CARTESIAN_POINT('',(-12.3825,0.635,-1.44145));
#2187 = VECTOR('',#2188,1.);
#2188 = DIRECTION('',(5.551115123126E-17,1.665334536938E-16,1.));
#2189 = ORIENTED_EDGE('',*,*,#2168,.T.);
#2190 = ORIENTED_EDGE('',*,*,#899,.F.);
#2191 = ORIENTED_EDGE('',*,*,#2192,.F.);
#2192 = EDGE_CURVE('',#2183,#900,#2193,.T.);
#2193 = LINE('',#2194,#2195);
#2194 = CARTESIAN_POINT('',(-12.3825,1.938726956752E-16,0.3175));
#2195 = VECTOR('',#2196,1.);
#2196 = DIRECTION('',(2.22044604925E-16,1.,-5.551115123126E-17));
#2197 = PLANE('',#2198);
#2198 = AXIS2_PLACEMENT_3D('',#2199,#2200,#2201);
#2199 = CARTESIAN_POINT('',(-12.3825,-8.812395257962E-17,-0.3175));
#2200 = DIRECTION('',(1.,1.110223024625E-16,1.665334536938E-16));
#2201 = DIRECTION('',(1.665334536938E-16,4.440892098501E-16,1.));
#2202 = ADVANCED_FACE('',(#2203),#2221,.F.);
#2203 = FACE_BOUND('',#2204,.F.);
#2204 = EDGE_LOOP('',(#2205,#2213,#2219,#2220));
#2205 = ORIENTED_EDGE('',*,*,#2206,.F.);
#2206 = EDGE_CURVE('',#2207,#2152,#2209,.T.);
#2207 = VERTEX_POINT('',#2208);
#2208 = CARTESIAN_POINT('',(-13.0175,0.635,0.3175));
#2209 = LINE('',#2210,#2211);
#2210 = CARTESIAN_POINT('',(-13.0175,0.635,-1.12395));
#2211 = VECTOR('',#2212,1.);
#2212 = DIRECTION('',(-5.551115123126E-17,-1.665334536938E-16,-1.));
#2213 = ORIENTED_EDGE('',*,*,#2214,.T.);
#2214 = EDGE_CURVE('',#2207,#908,#2215,.T.);
#2215 = LINE('',#2216,#2217);
#2216 = CARTESIAN_POINT('',(-13.0175,8.812395257962E-17,0.3175));
#2217 = VECTOR('',#2218,1.);
#2218 = DIRECTION('',(2.22044604925E-16,1.,-5.551115123126E-17));
#2219 = ORIENTED_EDGE('',*,*,#915,.F.);
#2220 = ORIENTED_EDGE('',*,*,#2161,.F.);
#2221 = PLANE('',#2222);
#2222 = AXIS2_PLACEMENT_3D('',#2223,#2224,#2225);
#2223 = CARTESIAN_POINT('',(-13.0175,8.812395257962E-17,0.3175));
#2224 = DIRECTION('',(-1.,-1.110223024625E-16,-1.665334536938E-16));
#2225 = DIRECTION('',(-1.665334536938E-16,-4.440892098501E-16,-1.));
#2226 = ADVANCED_FACE('',(#2227),#2238,.F.);
#2227 = FACE_BOUND('',#2228,.F.);
#2228 = EDGE_LOOP('',(#2229,#2235,#2236,#2237));
#2229 = ORIENTED_EDGE('',*,*,#2230,.F.);
#2230 = EDGE_CURVE('',#2183,#2207,#2231,.T.);
#2231 = LINE('',#2232,#2233);
#2232 = CARTESIAN_POINT('',(-14.44625,0.635,0.3175));
#2233 = VECTOR('',#2234,1.);
#2234 = DIRECTION('',(-1.,5.551115123126E-17,-1.110223024625E-16));
#2235 = ORIENTED_EDGE('',*,*,#2192,.T.);
#2236 = ORIENTED_EDGE('',*,*,#907,.F.);
#2237 = ORIENTED_EDGE('',*,*,#2214,.F.);
#2238 = PLANE('',#2239);
#2239 = AXIS2_PLACEMENT_3D('',#2240,#2241,#2242);
#2240 = CARTESIAN_POINT('',(-12.3825,1.938726956752E-16,0.3175));
#2241 = DIRECTION('',(1.110223024625E-16,3.885780586188E-16,1.));
#2242 = DIRECTION('',(-1.,-1.665334536938E-16,-2.22044604925E-16));
#2243 = ADVANCED_FACE('',(#2244),#2269,.F.);
#2244 = FACE_BOUND('',#2245,.F.);
#2245 = EDGE_LOOP('',(#2246,#2256,#2262,#2263));
#2246 = ORIENTED_EDGE('',*,*,#2247,.F.);
#2247 = EDGE_CURVE('',#2248,#2250,#2252,.T.);
#2248 = VERTEX_POINT('',#2249);
#2249 = CARTESIAN_POINT('',(-15.5575,0.635,-0.3175));
#2250 = VERTEX_POINT('',#2251);
#2251 = CARTESIAN_POINT('',(-14.9225,0.635,-0.3175));
#2252 = LINE('',#2253,#2254);
#2253 = CARTESIAN_POINT('',(-16.03375,0.635,-0.3175));
#2254 = VECTOR('',#2255,1.);
#2255 = DIRECTION('',(1.,-5.551115123126E-17,1.110223024625E-16));
#2256 = ORIENTED_EDGE('',*,*,#2257,.T.);
#2257 = EDGE_CURVE('',#2248,#926,#2258,.T.);
#2258 = LINE('',#2259,#2260);
#2259 = CARTESIAN_POINT('',(-15.5575,-1.938726956752E-16,-0.3175));
#2260 = VECTOR('',#2261,1.);
#2261 = DIRECTION('',(2.22044604925E-16,1.,-5.551115123126E-17));
#2262 = ORIENTED_EDGE('',*,*,#923,.F.);
#2263 = ORIENTED_EDGE('',*,*,#2264,.F.);
#2264 = EDGE_CURVE('',#2250,#924,#2265,.T.);
#2265 = LINE('',#2266,#2267);
#2266 = CARTESIAN_POINT('',(-14.9225,-8.812395257962E-17,-0.3175));
#2267 = VECTOR('',#2268,1.);
#2268 = DIRECTION('',(2.22044604925E-16,1.,-5.551115123126E-17));
#2269 = PLANE('',#2270);
#2270 = AXIS2_PLACEMENT_3D('',#2271,#2272,#2273);
#2271 = CARTESIAN_POINT('',(-15.5575,-1.938726956752E-16,-0.3175));
#2272 = DIRECTION('',(-1.110223024625E-16,-3.885780586188E-16,-1.));
#2273 = DIRECTION('',(1.,1.665334536938E-16,2.22044604925E-16));
#2274 = ADVANCED_FACE('',(#2275),#2293,.F.);
#2275 = FACE_BOUND('',#2276,.F.);
#2276 = EDGE_LOOP('',(#2277,#2285,#2286,#2287));
#2277 = ORIENTED_EDGE('',*,*,#2278,.F.);
#2278 = EDGE_CURVE('',#2250,#2279,#2281,.T.);
#2279 = VERTEX_POINT('',#2280);
#2280 = CARTESIAN_POINT('',(-14.9225,0.635,0.3175));
#2281 = LINE('',#2282,#2283);
#2282 = CARTESIAN_POINT('',(-14.9225,0.635,-1.44145));
#2283 = VECTOR('',#2284,1.);
#2284 = DIRECTION('',(5.551115123126E-17,1.665334536938E-16,1.));
#2285 = ORIENTED_EDGE('',*,*,#2264,.T.);
#2286 = ORIENTED_EDGE('',*,*,#933,.F.);
#2287 = ORIENTED_EDGE('',*,*,#2288,.F.);
#2288 = EDGE_CURVE('',#2279,#934,#2289,.T.);
#2289 = LINE('',#2290,#2291);
#2290 = CARTESIAN_POINT('',(-14.9225,1.938726956752E-16,0.3175));
#2291 = VECTOR('',#2292,1.);
#2292 = DIRECTION('',(2.22044604925E-16,1.,-5.551115123126E-17));
#2293 = PLANE('',#2294);
#2294 = AXIS2_PLACEMENT_3D('',#2295,#2296,#2297);
#2295 = CARTESIAN_POINT('',(-14.9225,-8.812395257962E-17,-0.3175));
#2296 = DIRECTION('',(1.,1.110223024625E-16,1.665334536938E-16));
#2297 = DIRECTION('',(1.665334536938E-16,4.440892098501E-16,1.));
#2298 = ADVANCED_FACE('',(#2299),#2317,.F.);
#2299 = FACE_BOUND('',#2300,.F.);
#2300 = EDGE_LOOP('',(#2301,#2309,#2315,#2316));
#2301 = ORIENTED_EDGE('',*,*,#2302,.F.);
#2302 = EDGE_CURVE('',#2303,#2248,#2305,.T.);
#2303 = VERTEX_POINT('',#2304);
#2304 = CARTESIAN_POINT('',(-15.5575,0.635,0.3175));
#2305 = LINE('',#2306,#2307);
#2306 = CARTESIAN_POINT('',(-15.5575,0.635,-1.12395));
#2307 = VECTOR('',#2308,1.);
#2308 = DIRECTION('',(-5.551115123126E-17,-1.665334536938E-16,-1.));
#2309 = ORIENTED_EDGE('',*,*,#2310,.T.);
#2310 = EDGE_CURVE('',#2303,#942,#2311,.T.);
#2311 = LINE('',#2312,#2313);
#2312 = CARTESIAN_POINT('',(-15.5575,8.812395257962E-17,0.3175));
#2313 = VECTOR('',#2314,1.);
#2314 = DIRECTION('',(2.22044604925E-16,1.,-5.551115123126E-17));
#2315 = ORIENTED_EDGE('',*,*,#949,.F.);
#2316 = ORIENTED_EDGE('',*,*,#2257,.F.);
#2317 = PLANE('',#2318);
#2318 = AXIS2_PLACEMENT_3D('',#2319,#2320,#2321);
#2319 = CARTESIAN_POINT('',(-15.5575,8.812395257962E-17,0.3175));
#2320 = DIRECTION('',(-1.,-1.110223024625E-16,-1.665334536938E-16));
#2321 = DIRECTION('',(-1.665334536938E-16,-4.440892098501E-16,-1.));
#2322 = ADVANCED_FACE('',(#2323),#2334,.F.);
#2323 = FACE_BOUND('',#2324,.F.);
#2324 = EDGE_LOOP('',(#2325,#2331,#2332,#2333));
#2325 = ORIENTED_EDGE('',*,*,#2326,.F.);
#2326 = EDGE_CURVE('',#2279,#2303,#2327,.T.);
#2327 = LINE('',#2328,#2329);
#2328 = CARTESIAN_POINT('',(-15.71625,0.635,0.3175));
#2329 = VECTOR('',#2330,1.);
#2330 = DIRECTION('',(-1.,5.551115123126E-17,-1.110223024625E-16));
#2331 = ORIENTED_EDGE('',*,*,#2288,.T.);
#2332 = ORIENTED_EDGE('',*,*,#941,.F.);
#2333 = ORIENTED_EDGE('',*,*,#2310,.F.);
#2334 = PLANE('',#2335);
#2335 = AXIS2_PLACEMENT_3D('',#2336,#2337,#2338);
#2336 = CARTESIAN_POINT('',(-14.9225,1.938726956752E-16,0.3175));
#2337 = DIRECTION('',(1.110223024625E-16,3.885780586188E-16,1.));
#2338 = DIRECTION('',(-1.,-1.665334536938E-16,-2.22044604925E-16));
#2339 = ADVANCED_FACE('',(#2340),#2365,.F.);
#2340 = FACE_BOUND('',#2341,.F.);
#2341 = EDGE_LOOP('',(#2342,#2343,#2351,#2359));
#2342 = ORIENTED_EDGE('',*,*,#957,.F.);
#2343 = ORIENTED_EDGE('',*,*,#2344,.T.);
#2344 = EDGE_CURVE('',#958,#2345,#2347,.T.);
#2345 = VERTEX_POINT('',#2346);
#2346 = CARTESIAN_POINT('',(-9.144,0.635,-0.9525));
#2347 = LINE('',#2348,#2349);
#2348 = CARTESIAN_POINT('',(-9.144,2.921,-0.9525));
#2349 = VECTOR('',#2350,1.);
#2350 = DIRECTION('',(-1.110223024625E-16,-1.,-1.110223024625E-16));
#2351 = ORIENTED_EDGE('',*,*,#2352,.F.);
#2352 = EDGE_CURVE('',#2353,#2345,#2355,.T.);
#2353 = VERTEX_POINT('',#2354);
#2354 = CARTESIAN_POINT('',(-9.144,0.635,0.9525));
#2355 = LINE('',#2356,#2357);
#2356 = CARTESIAN_POINT('',(-9.144,0.635,-1.75895));
#2357 = VECTOR('',#2358,1.);
#2358 = DIRECTION('',(-0.,-5.551115123126E-17,-1.));
#2359 = ORIENTED_EDGE('',*,*,#2360,.F.);
#2360 = EDGE_CURVE('',#960,#2353,#2361,.T.);
#2361 = LINE('',#2362,#2363);
#2362 = CARTESIAN_POINT('',(-9.144,2.921,0.9525));
#2363 = VECTOR('',#2364,1.);
#2364 = DIRECTION('',(-1.110223024625E-16,-1.,-1.110223024625E-16));
#2365 = PLANE('',#2366);
#2366 = AXIS2_PLACEMENT_3D('',#2367,#2368,#2369);
#2367 = CARTESIAN_POINT('',(-9.144,2.921,-0.9525));
#2368 = DIRECTION('',(-1.,-5.551115123126E-17,-5.551115123126E-17));
#2369 = DIRECTION('',(1.110223024625E-16,1.110223024625E-16,1.));
#2370 = ADVANCED_FACE('',(#2371),#2389,.F.);
#2371 = FACE_BOUND('',#2372,.F.);
#2372 = EDGE_LOOP('',(#2373,#2374,#2375,#2383));
#2373 = ORIENTED_EDGE('',*,*,#983,.F.);
#2374 = ORIENTED_EDGE('',*,*,#2360,.T.);
#2375 = ORIENTED_EDGE('',*,*,#2376,.F.);
#2376 = EDGE_CURVE('',#2377,#2353,#2379,.T.);
#2377 = VERTEX_POINT('',#2378);
#2378 = CARTESIAN_POINT('',(-8.636,0.635,0.9525));
#2379 = LINE('',#2380,#2381);
#2380 = CARTESIAN_POINT('',(-12.827,0.635,0.9525));
#2381 = VECTOR('',#2382,1.);
#2382 = DIRECTION('',(-1.,1.665334536938E-16,0.));
#2383 = ORIENTED_EDGE('',*,*,#2384,.F.);
#2384 = EDGE_CURVE('',#976,#2377,#2385,.T.);
#2385 = LINE('',#2386,#2387);
#2386 = CARTESIAN_POINT('',(-8.636,2.921,0.9525));
#2387 = VECTOR('',#2388,1.);
#2388 = DIRECTION('',(-1.110223024625E-16,-1.,-1.110223024625E-16));
#2389 = PLANE('',#2390);
#2390 = AXIS2_PLACEMENT_3D('',#2391,#2392,#2393);
#2391 = CARTESIAN_POINT('',(-9.144,2.921,0.9525));
#2392 = DIRECTION('',(5.551115123126E-17,5.551115123126E-17,1.));
#2393 = DIRECTION('',(1.,1.110223024625E-16,1.110223024625E-16));
#2394 = ADVANCED_FACE('',(#2395),#2413,.F.);
#2395 = FACE_BOUND('',#2396,.F.);
#2396 = EDGE_LOOP('',(#2397,#2398,#2399,#2407));
#2397 = ORIENTED_EDGE('',*,*,#975,.F.);
#2398 = ORIENTED_EDGE('',*,*,#2384,.T.);
#2399 = ORIENTED_EDGE('',*,*,#2400,.F.);
#2400 = EDGE_CURVE('',#2401,#2377,#2403,.T.);
#2401 = VERTEX_POINT('',#2402);
#2402 = CARTESIAN_POINT('',(-8.636,0.635,-0.9525));
#2403 = LINE('',#2404,#2405);
#2404 = CARTESIAN_POINT('',(-8.636,0.635,-0.80645));
#2405 = VECTOR('',#2406,1.);
#2406 = DIRECTION('',(0.,5.551115123126E-17,1.));
#2407 = ORIENTED_EDGE('',*,*,#2408,.F.);
#2408 = EDGE_CURVE('',#968,#2401,#2409,.T.);
#2409 = LINE('',#2410,#2411);
#2410 = CARTESIAN_POINT('',(-8.636,2.921,-0.9525));
#2411 = VECTOR('',#2412,1.);
#2412 = DIRECTION('',(-1.110223024625E-16,-1.,-1.110223024625E-16));
#2413 = PLANE('',#2414);
#2414 = AXIS2_PLACEMENT_3D('',#2415,#2416,#2417);
#2415 = CARTESIAN_POINT('',(-8.636,2.921,0.9525));
#2416 = DIRECTION('',(1.,5.551115123126E-17,5.551115123126E-17));
#2417 = DIRECTION('',(-1.110223024625E-16,-1.110223024625E-16,-1.));
#2418 = ADVANCED_FACE('',(#2419),#2430,.F.);
#2419 = FACE_BOUND('',#2420,.F.);
#2420 = EDGE_LOOP('',(#2421,#2422,#2423,#2429));
#2421 = ORIENTED_EDGE('',*,*,#967,.F.);
#2422 = ORIENTED_EDGE('',*,*,#2408,.T.);
#2423 = ORIENTED_EDGE('',*,*,#2424,.F.);
#2424 = EDGE_CURVE('',#2345,#2401,#2425,.T.);
#2425 = LINE('',#2426,#2427);
#2426 = CARTESIAN_POINT('',(-12.573,0.635,-0.9525));
#2427 = VECTOR('',#2428,1.);
#2428 = DIRECTION('',(1.,-1.665334536938E-16,0.));
#2429 = ORIENTED_EDGE('',*,*,#2344,.F.);
#2430 = PLANE('',#2431);
#2431 = AXIS2_PLACEMENT_3D('',#2432,#2433,#2434);
#2432 = CARTESIAN_POINT('',(-8.636,2.921,-0.9525));
#2433 = DIRECTION('',(-5.551115123126E-17,-5.551115123126E-17,-1.));
#2434 = DIRECTION('',(-1.,-1.110223024625E-16,-1.110223024625E-16));
#2435 = ADVANCED_FACE('',(#2436),#2461,.F.);
#2436 = FACE_BOUND('',#2437,.F.);
#2437 = EDGE_LOOP('',(#2438,#2439,#2447,#2455));
#2438 = ORIENTED_EDGE('',*,*,#991,.F.);
#2439 = ORIENTED_EDGE('',*,*,#2440,.T.);
#2440 = EDGE_CURVE('',#992,#2441,#2443,.T.);
#2441 = VERTEX_POINT('',#2442);
#2442 = CARTESIAN_POINT('',(-11.684,0.635,-0.9525));
#2443 = LINE('',#2444,#2445);
#2444 = CARTESIAN_POINT('',(-11.684,2.921,-0.9525));
#2445 = VECTOR('',#2446,1.);
#2446 = DIRECTION('',(-1.110223024625E-16,-1.,-1.110223024625E-16));
#2447 = ORIENTED_EDGE('',*,*,#2448,.F.);
#2448 = EDGE_CURVE('',#2449,#2441,#2451,.T.);
#2449 = VERTEX_POINT('',#2450);
#2450 = CARTESIAN_POINT('',(-11.684,0.635,0.9525));
#2451 = LINE('',#2452,#2453);
#2452 = CARTESIAN_POINT('',(-11.684,0.635,-1.75895));
#2453 = VECTOR('',#2454,1.);
#2454 = DIRECTION('',(-0.,-5.551115123126E-17,-1.));
#2455 = ORIENTED_EDGE('',*,*,#2456,.F.);
#2456 = EDGE_CURVE('',#994,#2449,#2457,.T.);
#2457 = LINE('',#2458,#2459);
#2458 = CARTESIAN_POINT('',(-11.684,2.921,0.9525));
#2459 = VECTOR('',#2460,1.);
#2460 = DIRECTION('',(-1.110223024625E-16,-1.,-1.110223024625E-16));
#2461 = PLANE('',#2462);
#2462 = AXIS2_PLACEMENT_3D('',#2463,#2464,#2465);
#2463 = CARTESIAN_POINT('',(-11.684,2.921,-0.9525));
#2464 = DIRECTION('',(-1.,-5.551115123126E-17,-5.551115123126E-17));
#2465 = DIRECTION('',(1.110223024625E-16,1.110223024625E-16,1.));
#2466 = ADVANCED_FACE('',(#2467),#2485,.F.);
#2467 = FACE_BOUND('',#2468,.F.);
#2468 = EDGE_LOOP('',(#2469,#2470,#2471,#2479));
#2469 = ORIENTED_EDGE('',*,*,#1017,.F.);
#2470 = ORIENTED_EDGE('',*,*,#2456,.T.);
#2471 = ORIENTED_EDGE('',*,*,#2472,.F.);
#2472 = EDGE_CURVE('',#2473,#2449,#2475,.T.);
#2473 = VERTEX_POINT('',#2474);
#2474 = CARTESIAN_POINT('',(-11.176,0.635,0.9525));
#2475 = LINE('',#2476,#2477);
#2476 = CARTESIAN_POINT('',(-14.097,0.635,0.9525));
#2477 = VECTOR('',#2478,1.);
#2478 = DIRECTION('',(-1.,1.665334536938E-16,0.));
#2479 = ORIENTED_EDGE('',*,*,#2480,.F.);
#2480 = EDGE_CURVE('',#1010,#2473,#2481,.T.);
#2481 = LINE('',#2482,#2483);
#2482 = CARTESIAN_POINT('',(-11.176,2.921,0.9525));
#2483 = VECTOR('',#2484,1.);
#2484 = DIRECTION('',(-1.110223024625E-16,-1.,-1.110223024625E-16));
#2485 = PLANE('',#2486);
#2486 = AXIS2_PLACEMENT_3D('',#2487,#2488,#2489);
#2487 = CARTESIAN_POINT('',(-11.684,2.921,0.9525));
#2488 = DIRECTION('',(5.551115123126E-17,5.551115123126E-17,1.));
#2489 = DIRECTION('',(1.,1.110223024625E-16,1.110223024625E-16));
#2490 = ADVANCED_FACE('',(#2491),#2509,.F.);
#2491 = FACE_BOUND('',#2492,.F.);
#2492 = EDGE_LOOP('',(#2493,#2494,#2495,#2503));
#2493 = ORIENTED_EDGE('',*,*,#1009,.F.);
#2494 = ORIENTED_EDGE('',*,*,#2480,.T.);
#2495 = ORIENTED_EDGE('',*,*,#2496,.F.);
#2496 = EDGE_CURVE('',#2497,#2473,#2499,.T.);
#2497 = VERTEX_POINT('',#2498);
#2498 = CARTESIAN_POINT('',(-11.176,0.635,-0.9525));
#2499 = LINE('',#2500,#2501);
#2500 = CARTESIAN_POINT('',(-11.176,0.635,-0.80645));
#2501 = VECTOR('',#2502,1.);
#2502 = DIRECTION('',(0.,5.551115123126E-17,1.));
#2503 = ORIENTED_EDGE('',*,*,#2504,.F.);
#2504 = EDGE_CURVE('',#1002,#2497,#2505,.T.);
#2505 = LINE('',#2506,#2507);
#2506 = CARTESIAN_POINT('',(-11.176,2.921,-0.9525));
#2507 = VECTOR('',#2508,1.);
#2508 = DIRECTION('',(-1.110223024625E-16,-1.,-1.110223024625E-16));
#2509 = PLANE('',#2510);
#2510 = AXIS2_PLACEMENT_3D('',#2511,#2512,#2513);
#2511 = CARTESIAN_POINT('',(-11.176,2.921,0.9525));
#2512 = DIRECTION('',(1.,5.551115123126E-17,5.551115123126E-17));
#2513 = DIRECTION('',(-1.110223024625E-16,-1.110223024625E-16,-1.));
#2514 = ADVANCED_FACE('',(#2515),#2526,.F.);
#2515 = FACE_BOUND('',#2516,.F.);
#2516 = EDGE_LOOP('',(#2517,#2518,#2519,#2525));
#2517 = ORIENTED_EDGE('',*,*,#1001,.F.);
#2518 = ORIENTED_EDGE('',*,*,#2504,.T.);
#2519 = ORIENTED_EDGE('',*,*,#2520,.F.);
#2520 = EDGE_CURVE('',#2441,#2497,#2521,.T.);
#2521 = LINE('',#2522,#2523);
#2522 = CARTESIAN_POINT('',(-13.843,0.635,-0.9525));
#2523 = VECTOR('',#2524,1.);
#2524 = DIRECTION('',(1.,-1.665334536938E-16,0.));
#2525 = ORIENTED_EDGE('',*,*,#2440,.F.);
#2526 = PLANE('',#2527);
#2527 = AXIS2_PLACEMENT_3D('',#2528,#2529,#2530);
#2528 = CARTESIAN_POINT('',(-11.176,2.921,-0.9525));
#2529 = DIRECTION('',(-5.551115123126E-17,-5.551115123126E-17,-1.));
#2530 = DIRECTION('',(-1.,-1.110223024625E-16,-1.110223024625E-16));
#2531 = ADVANCED_FACE('',(#2532),#2557,.F.);
#2532 = FACE_BOUND('',#2533,.F.);
#2533 = EDGE_LOOP('',(#2534,#2535,#2543,#2551));
#2534 = ORIENTED_EDGE('',*,*,#1025,.F.);
#2535 = ORIENTED_EDGE('',*,*,#2536,.T.);
#2536 = EDGE_CURVE('',#1026,#2537,#2539,.T.);
#2537 = VERTEX_POINT('',#2538);
#2538 = CARTESIAN_POINT('',(-14.224,0.635,-0.9525));
#2539 = LINE('',#2540,#2541);
#2540 = CARTESIAN_POINT('',(-14.224,2.921,-0.9525));
#2541 = VECTOR('',#2542,1.);
#2542 = DIRECTION('',(-1.110223024625E-16,-1.,-1.110223024625E-16));
#2543 = ORIENTED_EDGE('',*,*,#2544,.F.);
#2544 = EDGE_CURVE('',#2545,#2537,#2547,.T.);
#2545 = VERTEX_POINT('',#2546);
#2546 = CARTESIAN_POINT('',(-14.224,0.635,0.9525));
#2547 = LINE('',#2548,#2549);
#2548 = CARTESIAN_POINT('',(-14.224,0.635,-1.75895));
#2549 = VECTOR('',#2550,1.);
#2550 = DIRECTION('',(-0.,-5.551115123126E-17,-1.));
#2551 = ORIENTED_EDGE('',*,*,#2552,.F.);
#2552 = EDGE_CURVE('',#1028,#2545,#2553,.T.);
#2553 = LINE('',#2554,#2555);
#2554 = CARTESIAN_POINT('',(-14.224,2.921,0.9525));
#2555 = VECTOR('',#2556,1.);
#2556 = DIRECTION('',(-1.110223024625E-16,-1.,-1.110223024625E-16));
#2557 = PLANE('',#2558);
#2558 = AXIS2_PLACEMENT_3D('',#2559,#2560,#2561);
#2559 = CARTESIAN_POINT('',(-14.224,2.921,-0.9525));
#2560 = DIRECTION('',(-1.,-5.551115123126E-17,-5.551115123126E-17));
#2561 = DIRECTION('',(1.110223024625E-16,1.110223024625E-16,1.));
#2562 = ADVANCED_FACE('',(#2563),#2581,.F.);
#2563 = FACE_BOUND('',#2564,.F.);
#2564 = EDGE_LOOP('',(#2565,#2566,#2567,#2575));
#2565 = ORIENTED_EDGE('',*,*,#1051,.F.);
#2566 = ORIENTED_EDGE('',*,*,#2552,.T.);
#2567 = ORIENTED_EDGE('',*,*,#2568,.F.);
#2568 = EDGE_CURVE('',#2569,#2545,#2571,.T.);
#2569 = VERTEX_POINT('',#2570);
#2570 = CARTESIAN_POINT('',(-13.716,0.635,0.9525));
#2571 = LINE('',#2572,#2573);
#2572 = CARTESIAN_POINT('',(-15.367,0.635,0.9525));
#2573 = VECTOR('',#2574,1.);
#2574 = DIRECTION('',(-1.,1.665334536938E-16,0.));
#2575 = ORIENTED_EDGE('',*,*,#2576,.F.);
#2576 = EDGE_CURVE('',#1044,#2569,#2577,.T.);
#2577 = LINE('',#2578,#2579);
#2578 = CARTESIAN_POINT('',(-13.716,2.921,0.9525));
#2579 = VECTOR('',#2580,1.);
#2580 = DIRECTION('',(-1.110223024625E-16,-1.,-1.110223024625E-16));
#2581 = PLANE('',#2582);
#2582 = AXIS2_PLACEMENT_3D('',#2583,#2584,#2585);
#2583 = CARTESIAN_POINT('',(-14.224,2.921,0.9525));
#2584 = DIRECTION('',(5.551115123126E-17,5.551115123126E-17,1.));
#2585 = DIRECTION('',(1.,1.110223024625E-16,1.110223024625E-16));
#2586 = ADVANCED_FACE('',(#2587),#2605,.F.);
#2587 = FACE_BOUND('',#2588,.F.);
#2588 = EDGE_LOOP('',(#2589,#2590,#2591,#2599));
#2589 = ORIENTED_EDGE('',*,*,#1043,.F.);
#2590 = ORIENTED_EDGE('',*,*,#2576,.T.);
#2591 = ORIENTED_EDGE('',*,*,#2592,.F.);
#2592 = EDGE_CURVE('',#2593,#2569,#2595,.T.);
#2593 = VERTEX_POINT('',#2594);
#2594 = CARTESIAN_POINT('',(-13.716,0.635,-0.9525));
#2595 = LINE('',#2596,#2597);
#2596 = CARTESIAN_POINT('',(-13.716,0.635,-0.80645));
#2597 = VECTOR('',#2598,1.);
#2598 = DIRECTION('',(0.,5.551115123126E-17,1.));
#2599 = ORIENTED_EDGE('',*,*,#2600,.F.);
#2600 = EDGE_CURVE('',#1036,#2593,#2601,.T.);
#2601 = LINE('',#2602,#2603);
#2602 = CARTESIAN_POINT('',(-13.716,2.921,-0.9525));
#2603 = VECTOR('',#2604,1.);
#2604 = DIRECTION('',(-1.110223024625E-16,-1.,-1.110223024625E-16));
#2605 = PLANE('',#2606);
#2606 = AXIS2_PLACEMENT_3D('',#2607,#2608,#2609);
#2607 = CARTESIAN_POINT('',(-13.716,2.921,0.9525));
#2608 = DIRECTION('',(1.,5.551115123126E-17,5.551115123126E-17));
#2609 = DIRECTION('',(-1.110223024625E-16,-1.110223024625E-16,-1.));
#2610 = ADVANCED_FACE('',(#2611),#2622,.F.);
#2611 = FACE_BOUND('',#2612,.F.);
#2612 = EDGE_LOOP('',(#2613,#2614,#2615,#2621));
#2613 = ORIENTED_EDGE('',*,*,#1035,.F.);
#2614 = ORIENTED_EDGE('',*,*,#2600,.T.);
#2615 = ORIENTED_EDGE('',*,*,#2616,.F.);
#2616 = EDGE_CURVE('',#2537,#2593,#2617,.T.);
#2617 = LINE('',#2618,#2619);
#2618 = CARTESIAN_POINT('',(-15.113,0.635,-0.9525));
#2619 = VECTOR('',#2620,1.);
#2620 = DIRECTION('',(1.,-1.665334536938E-16,0.));
#2621 = ORIENTED_EDGE('',*,*,#2536,.F.);
#2622 = PLANE('',#2623);
#2623 = AXIS2_PLACEMENT_3D('',#2624,#2625,#2626);
#2624 = CARTESIAN_POINT('',(-13.716,2.921,-0.9525));
#2625 = DIRECTION('',(-5.551115123126E-17,-5.551115123126E-17,-1.));
#2626 = DIRECTION('',(-1.,-1.110223024625E-16,-1.110223024625E-16));
#2627 = ADVANCED_FACE('',(#2628),#2639,.F.);
#2628 = FACE_BOUND('',#2629,.F.);
#2629 = EDGE_LOOP('',(#2630,#2636,#2637,#2638));
#2630 = ORIENTED_EDGE('',*,*,#2631,.F.);
#2631 = EDGE_CURVE('',#1401,#1455,#2632,.T.);
#2632 = LINE('',#2633,#2634);
#2633 = CARTESIAN_POINT('',(0.3175,0.635,-1.44145));
#2634 = VECTOR('',#2635,1.);
#2635 = DIRECTION('',(1.110223024625E-16,2.775557561563E-16,1.));
#2636 = ORIENTED_EDGE('',*,*,#1416,.T.);
#2637 = ORIENTED_EDGE('',*,*,#1130,.F.);
#2638 = ORIENTED_EDGE('',*,*,#1462,.F.);
#2639 = PLANE('',#2640);
#2640 = AXIS2_PLACEMENT_3D('',#2641,#2642,#2643);
#2641 = CARTESIAN_POINT('',(0.3175,-1.233735336115E-16,-0.3175));
#2642 = DIRECTION('',(1.,5.551115123126E-17,2.22044604925E-16));
#2643 = DIRECTION('',(1.110223024625E-16,4.996003610813E-16,1.));
#2644 = ADVANCED_FACE('',(#2645),#2713,.T.);
#2645 = FACE_BOUND('',#2646,.T.);
#2646 = EDGE_LOOP('',(#2647,#2648,#2656,#2664,#2672,#2681,#2689,#2697,
    #2705,#2712));
#2647 = ORIENTED_EDGE('',*,*,#1107,.F.);
#2648 = ORIENTED_EDGE('',*,*,#2649,.F.);
#2649 = EDGE_CURVE('',#2650,#1100,#2652,.T.);
#2650 = VERTEX_POINT('',#2651);
#2651 = CARTESIAN_POINT('',(1.27,0.635,-0.9525));
#2652 = LINE('',#2653,#2654);
#2653 = CARTESIAN_POINT('',(1.27,3.050269631232,-0.9525));
#2654 = VECTOR('',#2655,1.);
#2655 = DIRECTION('',(-1.848892746612E-32,1.,-3.08148791102E-33));
#2656 = ORIENTED_EDGE('',*,*,#2657,.F.);
#2657 = EDGE_CURVE('',#2658,#2650,#2660,.T.);
#2658 = VERTEX_POINT('',#2659);
#2659 = CARTESIAN_POINT('',(1.27,0.635,-2.5654));
#2660 = LINE('',#2661,#2662);
#2661 = CARTESIAN_POINT('',(1.27,0.635,-2.5654));
#2662 = VECTOR('',#2663,1.);
#2663 = DIRECTION('',(2.22044604925E-16,4.440892098501E-16,1.));
#2664 = ORIENTED_EDGE('',*,*,#2665,.F.);
#2665 = EDGE_CURVE('',#2666,#2658,#2668,.T.);
#2666 = VERTEX_POINT('',#2667);
#2667 = CARTESIAN_POINT('',(1.27,0.3048,-2.5654));
#2668 = LINE('',#2669,#2670);
#2669 = CARTESIAN_POINT('',(1.27,0.3048,-2.5654));
#2670 = VECTOR('',#2671,1.);
#2671 = DIRECTION('',(4.440892098501E-16,1.,2.22044604925E-16));
#2672 = ORIENTED_EDGE('',*,*,#2673,.T.);
#2673 = EDGE_CURVE('',#2666,#2674,#2676,.T.);
#2674 = VERTEX_POINT('',#2675);
#2675 = CARTESIAN_POINT('',(1.27,0.3048,-3.175));
#2676 = CIRCLE('',#2677,0.3048);
#2677 = AXIS2_PLACEMENT_3D('',#2678,#2679,#2680);
#2678 = CARTESIAN_POINT('',(1.27,0.3048,-2.8702));
#2679 = DIRECTION('',(1.,-4.440892098501E-16,-2.22044604925E-16));
#2680 = DIRECTION('',(4.440892098501E-16,1.,2.22044604925E-16));
#2681 = ORIENTED_EDGE('',*,*,#2682,.T.);
#2682 = EDGE_CURVE('',#2674,#2683,#2685,.T.);
#2683 = VERTEX_POINT('',#2684);
#2684 = CARTESIAN_POINT('',(1.27,2.921,-3.175));
#2685 = LINE('',#2686,#2687);
#2686 = CARTESIAN_POINT('',(1.27,0.3048,-3.175));
#2687 = VECTOR('',#2688,1.);
#2688 = DIRECTION('',(4.440892098501E-16,1.,2.22044604925E-16));
#2689 = ORIENTED_EDGE('',*,*,#2690,.F.);
#2690 = EDGE_CURVE('',#2691,#2683,#2693,.T.);
#2691 = VERTEX_POINT('',#2692);
#2692 = CARTESIAN_POINT('',(1.27,2.921,-2.661125508872));
#2693 = LINE('',#2694,#2695);
#2694 = CARTESIAN_POINT('',(1.27,2.921,3.1496));
#2695 = VECTOR('',#2696,1.);
#2696 = DIRECTION('',(-1.110223024625E-16,-2.22044604925E-16,-1.));
#2697 = ORIENTED_EDGE('',*,*,#2698,.T.);
#2698 = EDGE_CURVE('',#2691,#2699,#2701,.T.);
#2699 = VERTEX_POINT('',#2700);
#2700 = CARTESIAN_POINT('',(1.27,2.3114,-2.7432));
#2701 = LINE('',#2702,#2703);
#2702 = CARTESIAN_POINT('',(1.27,4.526612567019,-2.444951239866));
#2703 = VECTOR('',#2704,1.);
#2704 = DIRECTION('',(-4.69746119654E-16,-0.991057877156,-0.133432695121
    ));
#2705 = ORIENTED_EDGE('',*,*,#2706,.F.);
#2706 = EDGE_CURVE('',#1376,#2699,#2707,.T.);
#2707 = CIRCLE('',#2708,0.4064);
#2708 = AXIS2_PLACEMENT_3D('',#2709,#2710,#2711);
#2709 = CARTESIAN_POINT('',(1.27,2.3114,-2.3368));
#2710 = DIRECTION('',(1.,-4.440892098501E-16,-2.22044604925E-16));
#2711 = DIRECTION('',(4.440892098501E-16,1.,2.22044604925E-16));
#2712 = ORIENTED_EDGE('',*,*,#1375,.F.);
#2713 = PLANE('',#2714);
#2714 = AXIS2_PLACEMENT_3D('',#2715,#2716,#2717);
#2715 = CARTESIAN_POINT('',(1.27,3.179539262465,-1.211087068042));
#2716 = DIRECTION('',(1.,2.22044604925E-16,4.440892098501E-16));
#2717 = DIRECTION('',(2.22044604925E-16,4.440892098501E-16,1.));
#2718 = ADVANCED_FACE('',(#2719),#2737,.F.);
#2719 = FACE_BOUND('',#2720,.F.);
#2720 = EDGE_LOOP('',(#2721,#2722,#2723,#2731));
#2721 = ORIENTED_EDGE('',*,*,#1099,.F.);
#2722 = ORIENTED_EDGE('',*,*,#2649,.F.);
#2723 = ORIENTED_EDGE('',*,*,#2724,.F.);
#2724 = EDGE_CURVE('',#2725,#2650,#2727,.T.);
#2725 = VERTEX_POINT('',#2726);
#2726 = CARTESIAN_POINT('',(1.016,0.635,-0.9525));
#2727 = LINE('',#2728,#2729);
#2728 = CARTESIAN_POINT('',(-7.493,0.635,-0.9525));
#2729 = VECTOR('',#2730,1.);
#2730 = DIRECTION('',(1.,-1.665334536938E-16,5.551115123126E-17));
#2731 = ORIENTED_EDGE('',*,*,#2732,.F.);
#2732 = EDGE_CURVE('',#1092,#2725,#2733,.T.);
#2733 = LINE('',#2734,#2735);
#2734 = CARTESIAN_POINT('',(1.016,2.921,-0.9525));
#2735 = VECTOR('',#2736,1.);
#2736 = DIRECTION('',(-5.551115123126E-17,-1.,-0.));
#2737 = PLANE('',#2738);
#2738 = AXIS2_PLACEMENT_3D('',#2739,#2740,#2741);
#2739 = CARTESIAN_POINT('',(1.524,2.921,-0.9525));
#2740 = DIRECTION('',(5.551115123126E-17,-3.08148791102E-33,-1.));
#2741 = DIRECTION('',(-1.,0.,-5.551115123126E-17));
#2742 = ADVANCED_FACE('',(#2743),#2761,.F.);
#2743 = FACE_BOUND('',#2744,.F.);
#2744 = EDGE_LOOP('',(#2745,#2746,#2747,#2755));
#2745 = ORIENTED_EDGE('',*,*,#1091,.F.);
#2746 = ORIENTED_EDGE('',*,*,#2732,.T.);
#2747 = ORIENTED_EDGE('',*,*,#2748,.F.);
#2748 = EDGE_CURVE('',#2749,#2725,#2751,.T.);
#2749 = VERTEX_POINT('',#2750);
#2750 = CARTESIAN_POINT('',(1.016,0.635,0.9525));
#2751 = LINE('',#2752,#2753);
#2752 = CARTESIAN_POINT('',(1.016,0.635,-1.75895));
#2753 = VECTOR('',#2754,1.);
#2754 = DIRECTION('',(6.842277657836E-49,-5.551115123126E-17,-1.));
#2755 = ORIENTED_EDGE('',*,*,#2756,.F.);
#2756 = EDGE_CURVE('',#1084,#2749,#2757,.T.);
#2757 = LINE('',#2758,#2759);
#2758 = CARTESIAN_POINT('',(1.016,2.921,0.9525));
#2759 = VECTOR('',#2760,1.);
#2760 = DIRECTION('',(-5.551115123126E-17,-1.,-0.));
#2761 = PLANE('',#2762);
#2762 = AXIS2_PLACEMENT_3D('',#2763,#2764,#2765);
#2763 = CARTESIAN_POINT('',(1.016,2.921,-0.9525));
#2764 = DIRECTION('',(-1.,5.551115123126E-17,-3.08148791102E-33));
#2765 = DIRECTION('',(0.,5.551115123126E-17,1.));
#2766 = ADVANCED_FACE('',(#2767),#2778,.F.);
#2767 = FACE_BOUND('',#2768,.F.);
#2768 = EDGE_LOOP('',(#2769,#2770,#2771,#2777));
#2769 = ORIENTED_EDGE('',*,*,#1083,.F.);
#2770 = ORIENTED_EDGE('',*,*,#2756,.T.);
#2771 = ORIENTED_EDGE('',*,*,#2772,.F.);
#2772 = EDGE_CURVE('',#1188,#2749,#2773,.T.);
#2773 = LINE('',#2774,#2775);
#2774 = CARTESIAN_POINT('',(-7.747,0.635,0.9525));
#2775 = VECTOR('',#2776,1.);
#2776 = DIRECTION('',(-1.,1.665334536938E-16,-5.551115123126E-17));
#2777 = ORIENTED_EDGE('',*,*,#1195,.F.);
#2778 = PLANE('',#2779);
#2779 = AXIS2_PLACEMENT_3D('',#2780,#2781,#2782);
#2780 = CARTESIAN_POINT('',(1.016,2.921,0.9525));
#2781 = DIRECTION('',(-5.551115123126E-17,3.08148791102E-33,1.));
#2782 = DIRECTION('',(1.,0.,5.551115123126E-17));
#2783 = ADVANCED_FACE('',(#2784,#2803,#2809,#2815,#2821,#2827,#2833,
    #2839,#2845,#2851,#2857,#2863,#2869,#2875),#2881,.T.);
#2784 = FACE_BOUND('',#2785,.T.);
#2785 = EDGE_LOOP('',(#2786,#2787,#2793,#2794,#2795,#2796,#2797,#2798,
    #2799,#2800,#2801,#2802));
#2786 = ORIENTED_EDGE('',*,*,#1301,.F.);
#2787 = ORIENTED_EDGE('',*,*,#2788,.T.);
#2788 = EDGE_CURVE('',#1302,#2658,#2789,.T.);
#2789 = LINE('',#2790,#2791);
#2790 = CARTESIAN_POINT('',(-16.51,0.635,-2.5654));
#2791 = VECTOR('',#2792,1.);
#2792 = DIRECTION('',(1.,1.665334536938E-16,3.885780586188E-16));
#2793 = ORIENTED_EDGE('',*,*,#2657,.T.);
#2794 = ORIENTED_EDGE('',*,*,#2724,.F.);
#2795 = ORIENTED_EDGE('',*,*,#2748,.F.);
#2796 = ORIENTED_EDGE('',*,*,#2772,.F.);
#2797 = ORIENTED_EDGE('',*,*,#1187,.T.);
#2798 = ORIENTED_EDGE('',*,*,#1210,.F.);
#2799 = ORIENTED_EDGE('',*,*,#1154,.F.);
#2800 = ORIENTED_EDGE('',*,*,#1229,.F.);
#2801 = ORIENTED_EDGE('',*,*,#1253,.F.);
#2802 = ORIENTED_EDGE('',*,*,#1277,.F.);
#2803 = FACE_BOUND('',#2804,.T.);
#2804 = EDGE_LOOP('',(#2805,#2806,#2807,#2808));
#2805 = ORIENTED_EDGE('',*,*,#1398,.F.);
#2806 = ORIENTED_EDGE('',*,*,#1430,.F.);
#2807 = ORIENTED_EDGE('',*,*,#1454,.F.);
#2808 = ORIENTED_EDGE('',*,*,#2631,.F.);
#2809 = FACE_BOUND('',#2810,.T.);
#2810 = EDGE_LOOP('',(#2811,#2812,#2813,#2814));
#2811 = ORIENTED_EDGE('',*,*,#1488,.F.);
#2812 = ORIENTED_EDGE('',*,*,#1512,.F.);
#2813 = ORIENTED_EDGE('',*,*,#1536,.F.);
#2814 = ORIENTED_EDGE('',*,*,#1560,.F.);
#2815 = FACE_BOUND('',#2816,.T.);
#2816 = EDGE_LOOP('',(#2817,#2818,#2819,#2820));
#2817 = ORIENTED_EDGE('',*,*,#1575,.F.);
#2818 = ORIENTED_EDGE('',*,*,#1630,.F.);
#2819 = ORIENTED_EDGE('',*,*,#1654,.F.);
#2820 = ORIENTED_EDGE('',*,*,#1606,.F.);
#2821 = FACE_BOUND('',#2822,.T.);
#2822 = EDGE_LOOP('',(#2823,#2824,#2825,#2826));
#2823 = ORIENTED_EDGE('',*,*,#1680,.F.);
#2824 = ORIENTED_EDGE('',*,*,#1704,.F.);
#2825 = ORIENTED_EDGE('',*,*,#1728,.F.);
#2826 = ORIENTED_EDGE('',*,*,#1752,.F.);
#2827 = FACE_BOUND('',#2828,.T.);
#2828 = EDGE_LOOP('',(#2829,#2830,#2831,#2832));
#2829 = ORIENTED_EDGE('',*,*,#1767,.F.);
#2830 = ORIENTED_EDGE('',*,*,#1822,.F.);
#2831 = ORIENTED_EDGE('',*,*,#1846,.F.);
#2832 = ORIENTED_EDGE('',*,*,#1798,.F.);
#2833 = FACE_BOUND('',#2834,.T.);
#2834 = EDGE_LOOP('',(#2835,#2836,#2837,#2838));
#2835 = ORIENTED_EDGE('',*,*,#1968,.F.);
#2836 = ORIENTED_EDGE('',*,*,#1992,.F.);
#2837 = ORIENTED_EDGE('',*,*,#2016,.F.);
#2838 = ORIENTED_EDGE('',*,*,#2040,.F.);
#2839 = FACE_BOUND('',#2840,.T.);
#2840 = EDGE_LOOP('',(#2841,#2842,#2843,#2844));
#2841 = ORIENTED_EDGE('',*,*,#2544,.F.);
#2842 = ORIENTED_EDGE('',*,*,#2568,.F.);
#2843 = ORIENTED_EDGE('',*,*,#2592,.F.);
#2844 = ORIENTED_EDGE('',*,*,#2616,.F.);
#2845 = FACE_BOUND('',#2846,.T.);
#2846 = EDGE_LOOP('',(#2847,#2848,#2849,#2850));
#2847 = ORIENTED_EDGE('',*,*,#1863,.F.);
#2848 = ORIENTED_EDGE('',*,*,#1918,.F.);
#2849 = ORIENTED_EDGE('',*,*,#1942,.F.);
#2850 = ORIENTED_EDGE('',*,*,#1894,.F.);
#2851 = FACE_BOUND('',#2852,.T.);
#2852 = EDGE_LOOP('',(#2853,#2854,#2855,#2856));
#2853 = ORIENTED_EDGE('',*,*,#2352,.F.);
#2854 = ORIENTED_EDGE('',*,*,#2376,.F.);
#2855 = ORIENTED_EDGE('',*,*,#2400,.F.);
#2856 = ORIENTED_EDGE('',*,*,#2424,.F.);
#2857 = FACE_BOUND('',#2858,.T.);
#2858 = EDGE_LOOP('',(#2859,#2860,#2861,#2862));
#2859 = ORIENTED_EDGE('',*,*,#2055,.F.);
#2860 = ORIENTED_EDGE('',*,*,#2110,.F.);
#2861 = ORIENTED_EDGE('',*,*,#2134,.F.);
#2862 = ORIENTED_EDGE('',*,*,#2086,.F.);
#2863 = FACE_BOUND('',#2864,.T.);
#2864 = EDGE_LOOP('',(#2865,#2866,#2867,#2868));
#2865 = ORIENTED_EDGE('',*,*,#2448,.F.);
#2866 = ORIENTED_EDGE('',*,*,#2472,.F.);
#2867 = ORIENTED_EDGE('',*,*,#2496,.F.);
#2868 = ORIENTED_EDGE('',*,*,#2520,.F.);
#2869 = FACE_BOUND('',#2870,.T.);
#2870 = EDGE_LOOP('',(#2871,#2872,#2873,#2874));
#2871 = ORIENTED_EDGE('',*,*,#2151,.F.);
#2872 = ORIENTED_EDGE('',*,*,#2206,.F.);
#2873 = ORIENTED_EDGE('',*,*,#2230,.F.);
#2874 = ORIENTED_EDGE('',*,*,#2182,.F.);
#2875 = FACE_BOUND('',#2876,.T.);
#2876 = EDGE_LOOP('',(#2877,#2878,#2879,#2880));
#2877 = ORIENTED_EDGE('',*,*,#2247,.F.);
#2878 = ORIENTED_EDGE('',*,*,#2302,.F.);
#2879 = ORIENTED_EDGE('',*,*,#2326,.F.);
#2880 = ORIENTED_EDGE('',*,*,#2278,.F.);
#2881 = PLANE('',#2882);
#2882 = AXIS2_PLACEMENT_3D('',#2883,#2884,#2885);
#2883 = CARTESIAN_POINT('',(-16.51,0.635,-2.5654));
#2884 = DIRECTION('',(-3.330669073875E-16,-1.,-1.110223024625E-16));
#2885 = DIRECTION('',(1.665334536938E-16,3.885780586188E-16,1.));
#2886 = ADVANCED_FACE('',(#2887),#2898,.F.);
#2887 = FACE_BOUND('',#2888,.T.);
#2888 = EDGE_LOOP('',(#2889,#2890,#2891,#2897));
#2889 = ORIENTED_EDGE('',*,*,#1383,.T.);
#2890 = ORIENTED_EDGE('',*,*,#2706,.T.);
#2891 = ORIENTED_EDGE('',*,*,#2892,.F.);
#2892 = EDGE_CURVE('',#1343,#2699,#2893,.T.);
#2893 = LINE('',#2894,#2895);
#2894 = CARTESIAN_POINT('',(-16.51,2.3114,-2.7432));
#2895 = VECTOR('',#2896,1.);
#2896 = DIRECTION('',(1.,1.665334536938E-16,3.885780586188E-16));
#2897 = ORIENTED_EDGE('',*,*,#1350,.F.);
#2898 = CYLINDRICAL_SURFACE('',#2899,0.4064);
#2899 = AXIS2_PLACEMENT_3D('',#2900,#2901,#2902);
#2900 = CARTESIAN_POINT('',(-16.51,2.3114,-2.3368));
#2901 = DIRECTION('',(-1.,-1.110223024625E-16,-3.330669073875E-16));
#2902 = DIRECTION('',(3.885780586188E-16,1.,1.665334536938E-16));
#2903 = ADVANCED_FACE('',(#2904),#2939,.F.);
#2904 = FACE_BOUND('',#2905,.F.);
#2905 = EDGE_LOOP('',(#2906,#2914,#2922,#2930,#2936,#2937,#2938));
#2906 = ORIENTED_EDGE('',*,*,#2907,.F.);
#2907 = EDGE_CURVE('',#2908,#1335,#2910,.T.);
#2908 = VERTEX_POINT('',#2909);
#2909 = CARTESIAN_POINT('',(-16.51,4.526612567019,-2.444951239866));
#2910 = LINE('',#2911,#2912);
#2911 = CARTESIAN_POINT('',(-16.51,4.526612567019,-2.444951239866));
#2912 = VECTOR('',#2913,1.);
#2913 = DIRECTION('',(-4.69746119654E-16,-0.991057877156,-0.133432695121
    ));
#2914 = ORIENTED_EDGE('',*,*,#2915,.T.);
#2915 = EDGE_CURVE('',#2908,#2916,#2918,.T.);
#2916 = VERTEX_POINT('',#2917);
#2917 = CARTESIAN_POINT('',(6.849583437673E-16,4.526612567019,
    -2.444951239866));
#2918 = LINE('',#2919,#2920);
#2919 = CARTESIAN_POINT('',(-16.51,4.526612567019,-2.444951239866));
#2920 = VECTOR('',#2921,1.);
#2921 = DIRECTION('',(1.,1.665334536938E-16,3.885780586188E-16));
#2922 = ORIENTED_EDGE('',*,*,#2923,.T.);
#2923 = EDGE_CURVE('',#2916,#2924,#2926,.T.);
#2924 = VERTEX_POINT('',#2925);
#2925 = CARTESIAN_POINT('',(9.201250872337E-16,2.921,-2.661125508872));
#2926 = LINE('',#2927,#2928);
#2927 = CARTESIAN_POINT('',(2.622488476296E-15,3.600818601254,
    -2.569597021738));
#2928 = VECTOR('',#2929,1.);
#2929 = DIRECTION('',(-1.724512936112E-16,-0.991057877156,
    -0.133432695121));
#2930 = ORIENTED_EDGE('',*,*,#2931,.T.);
#2931 = EDGE_CURVE('',#2924,#2691,#2932,.T.);
#2932 = LINE('',#2933,#2934);
#2933 = CARTESIAN_POINT('',(-12.3825,2.921,-2.661125508872));
#2934 = VECTOR('',#2935,1.);
#2935 = DIRECTION('',(1.,1.274083279928E-32,1.740072881577E-16));
#2936 = ORIENTED_EDGE('',*,*,#2698,.T.);
#2937 = ORIENTED_EDGE('',*,*,#2892,.F.);
#2938 = ORIENTED_EDGE('',*,*,#1342,.F.);
#2939 = PLANE('',#2940);
#2940 = AXIS2_PLACEMENT_3D('',#2941,#2942,#2943);
#2941 = CARTESIAN_POINT('',(-16.51,4.526612567019,-2.444951239866));
#2942 = DIRECTION('',(-6.558751228723E-17,0.133432695121,-0.991057877156
    ));
#2943 = DIRECTION('',(-4.073243534382E-16,-0.991057877156,
    -0.133432695121));
#2944 = ADVANCED_FACE('',(#2945),#2989,.F.);
#2945 = FACE_BOUND('',#2946,.F.);
#2946 = EDGE_LOOP('',(#2947,#2948,#2949,#2957,#2966,#2974,#2983));
#2947 = ORIENTED_EDGE('',*,*,#2907,.T.);
#2948 = ORIENTED_EDGE('',*,*,#1334,.F.);
#2949 = ORIENTED_EDGE('',*,*,#2950,.T.);
#2950 = EDGE_CURVE('',#1327,#2951,#2953,.T.);
#2951 = VERTEX_POINT('',#2952);
#2952 = CARTESIAN_POINT('',(-16.51,7.493,-3.175));
#2953 = LINE('',#2954,#2955);
#2954 = CARTESIAN_POINT('',(-16.51,0.3048,-3.175));
#2955 = VECTOR('',#2956,1.);
#2956 = DIRECTION('',(4.440892098501E-16,1.,2.22044604925E-16));
#2957 = ORIENTED_EDGE('',*,*,#2958,.T.);
#2958 = EDGE_CURVE('',#2951,#2959,#2961,.T.);
#2959 = VERTEX_POINT('',#2960);
#2960 = CARTESIAN_POINT('',(-16.51,7.922890213538,-2.07264638195));
#2961 = CIRCLE('',#2962,0.635);
#2962 = AXIS2_PLACEMENT_3D('',#2963,#2964,#2965);
#2963 = CARTESIAN_POINT('',(-16.51,7.493,-2.54));
#2964 = DIRECTION('',(1.,-4.440892098501E-16,-2.22044604925E-16));
#2965 = DIRECTION('',(4.440892098501E-16,1.,2.22044604925E-16));
#2966 = ORIENTED_EDGE('',*,*,#2967,.T.);
#2967 = EDGE_CURVE('',#2959,#2968,#2970,.T.);
#2968 = VERTEX_POINT('',#2969);
#2969 = CARTESIAN_POINT('',(-16.51,6.992868256245,-1.21717565834));
#2970 = LINE('',#2971,#2972);
#2971 = CARTESIAN_POINT('',(-16.51,7.922890213538,-2.07264638195));
#2972 = VECTOR('',#2973,1.);
#2973 = DIRECTION('',(-1.765226713927E-16,-0.735989949685,0.676992462264
    ));
#2974 = ORIENTED_EDGE('',*,*,#2975,.T.);
#2975 = EDGE_CURVE('',#2968,#2976,#2978,.T.);
#2976 = VERTEX_POINT('',#2977);
#2977 = CARTESIAN_POINT('',(-16.51,5.981371396503,-1.199211362071));
#2978 = CIRCLE('',#2979,0.762);
#2979 = AXIS2_PLACEMENT_3D('',#2980,#2981,#2982);
#2980 = CARTESIAN_POINT('',(-16.51,6.477,-1.778));
#2981 = DIRECTION('',(1.,-4.440892098501E-16,-2.22044604925E-16));
#2982 = DIRECTION('',(4.440892098501E-16,1.,2.22044604925E-16));
#2983 = ORIENTED_EDGE('',*,*,#2984,.T.);
#2984 = EDGE_CURVE('',#2976,#2908,#2985,.T.);
#2985 = LINE('',#2986,#2987);
#2986 = CARTESIAN_POINT('',(-16.51,5.981371396503,-1.199211362071));
#2987 = VECTOR('',#2988,1.);
#2988 = DIRECTION('',(-4.817394308938E-16,-0.759565141639,
    -0.650431238185));
#2989 = PLANE('',#2990);
#2990 = AXIS2_PLACEMENT_3D('',#2991,#2992,#2993);
#2991 = CARTESIAN_POINT('',(-16.51,3.179539262465,-1.211087068042));
#2992 = DIRECTION('',(1.,2.22044604925E-16,4.440892098501E-16));
#2993 = DIRECTION('',(2.22044604925E-16,4.440892098501E-16,1.));
#2994 = ADVANCED_FACE('',(#2995),#3028,.F.);
#2995 = FACE_BOUND('',#2996,.F.);
#2996 = EDGE_LOOP('',(#2997,#2998,#3004,#3005,#3013,#3021,#3027));
#2997 = ORIENTED_EDGE('',*,*,#1326,.F.);
#2998 = ORIENTED_EDGE('',*,*,#2999,.T.);
#2999 = EDGE_CURVE('',#1318,#2674,#3000,.T.);
#3000 = LINE('',#3001,#3002);
#3001 = CARTESIAN_POINT('',(-16.51,0.3048,-3.175));
#3002 = VECTOR('',#3003,1.);
#3003 = DIRECTION('',(1.,1.665334536938E-16,3.885780586188E-16));
#3004 = ORIENTED_EDGE('',*,*,#2682,.T.);
#3005 = ORIENTED_EDGE('',*,*,#3006,.T.);
#3006 = EDGE_CURVE('',#2683,#3007,#3009,.T.);
#3007 = VERTEX_POINT('',#3008);
#3008 = CARTESIAN_POINT('',(9.201250872337E-16,2.921,-3.175));
#3009 = LINE('',#3010,#3011);
#3010 = CARTESIAN_POINT('',(-12.3825,2.921,-3.175));
#3011 = VECTOR('',#3012,1.);
#3012 = DIRECTION('',(-1.,-6.162975822039E-33,-1.665334536938E-16));
#3013 = ORIENTED_EDGE('',*,*,#3014,.T.);
#3014 = EDGE_CURVE('',#3007,#3015,#3017,.T.);
#3015 = VERTEX_POINT('',#3016);
#3016 = CARTESIAN_POINT('',(8.4962592517E-16,7.493,-3.175));
#3017 = LINE('',#3018,#3019);
#3018 = CARTESIAN_POINT('',(5.986489082233E-16,1.6129,-3.175));
#3019 = VECTOR('',#3020,1.);
#3020 = DIRECTION('',(1.665334536938E-16,1.,-5.551115123126E-17));
#3021 = ORIENTED_EDGE('',*,*,#3022,.F.);
#3022 = EDGE_CURVE('',#2951,#3015,#3023,.T.);
#3023 = LINE('',#3024,#3025);
#3024 = CARTESIAN_POINT('',(-16.51,7.493,-3.175));
#3025 = VECTOR('',#3026,1.);
#3026 = DIRECTION('',(1.,1.665334536938E-16,3.885780586188E-16));
#3027 = ORIENTED_EDGE('',*,*,#2950,.F.);
#3028 = PLANE('',#3029);
#3029 = AXIS2_PLACEMENT_3D('',#3030,#3031,#3032);
#3030 = CARTESIAN_POINT('',(-16.51,0.3048,-3.175));
#3031 = DIRECTION('',(1.110223024625E-16,3.330669073875E-16,1.));
#3032 = DIRECTION('',(3.885780586188E-16,1.,1.665334536938E-16));
#3033 = ADVANCED_FACE('',(#3034),#3045,.T.);
#3034 = FACE_BOUND('',#3035,.F.);
#3035 = EDGE_LOOP('',(#3036,#3042,#3043,#3044));
#3036 = ORIENTED_EDGE('',*,*,#3037,.T.);
#3037 = EDGE_CURVE('',#1310,#2666,#3038,.T.);
#3038 = LINE('',#3039,#3040);
#3039 = CARTESIAN_POINT('',(-16.51,0.3048,-2.5654));
#3040 = VECTOR('',#3041,1.);
#3041 = DIRECTION('',(1.,1.665334536938E-16,3.885780586188E-16));
#3042 = ORIENTED_EDGE('',*,*,#2673,.T.);
#3043 = ORIENTED_EDGE('',*,*,#2999,.F.);
#3044 = ORIENTED_EDGE('',*,*,#1317,.F.);
#3045 = CYLINDRICAL_SURFACE('',#3046,0.3048);
#3046 = AXIS2_PLACEMENT_3D('',#3047,#3048,#3049);
#3047 = CARTESIAN_POINT('',(-16.51,0.3048,-2.8702));
#3048 = DIRECTION('',(-1.,-1.110223024625E-16,-3.330669073875E-16));
#3049 = DIRECTION('',(3.885780586188E-16,1.,1.665334536938E-16));
#3050 = ADVANCED_FACE('',(#3051),#3057,.T.);
#3051 = FACE_BOUND('',#3052,.T.);
#3052 = EDGE_LOOP('',(#3053,#3054,#3055,#3056));
#3053 = ORIENTED_EDGE('',*,*,#3037,.T.);
#3054 = ORIENTED_EDGE('',*,*,#2665,.T.);
#3055 = ORIENTED_EDGE('',*,*,#2788,.F.);
#3056 = ORIENTED_EDGE('',*,*,#1309,.F.);
#3057 = PLANE('',#3058);
#3058 = AXIS2_PLACEMENT_3D('',#3059,#3060,#3061);
#3059 = CARTESIAN_POINT('',(-16.51,0.3048,-2.5654));
#3060 = DIRECTION('',(1.110223024625E-16,3.330669073875E-16,1.));
#3061 = DIRECTION('',(3.885780586188E-16,1.,1.665334536938E-16));
#3062 = ADVANCED_FACE('',(#3063),#3074,.T.);
#3063 = FACE_BOUND('',#3064,.T.);
#3064 = EDGE_LOOP('',(#3065,#3066,#3067,#3068));
#3065 = ORIENTED_EDGE('',*,*,#2931,.T.);
#3066 = ORIENTED_EDGE('',*,*,#2690,.T.);
#3067 = ORIENTED_EDGE('',*,*,#3006,.T.);
#3068 = ORIENTED_EDGE('',*,*,#3069,.T.);
#3069 = EDGE_CURVE('',#3007,#2924,#3070,.T.);
#3070 = LINE('',#3071,#3072);
#3071 = CARTESIAN_POINT('',(8.881784197001E-16,2.921,-4.5212));
#3072 = VECTOR('',#3073,1.);
#3073 = DIRECTION('',(1.110223024625E-16,2.22044604925E-16,1.));
#3074 = PLANE('',#3075);
#3075 = AXIS2_PLACEMENT_3D('',#3076,#3077,#3078);
#3076 = CARTESIAN_POINT('',(-8.255000000001,2.921,-0.6858));
#3077 = DIRECTION('',(2.22044604925E-16,1.,1.110223024625E-16));
#3078 = DIRECTION('',(1.110223024625E-16,2.22044604925E-16,1.));
#3079 = ADVANCED_FACE('',(#3080),#3117,.T.);
#3080 = FACE_BOUND('',#3081,.T.);
#3081 = EDGE_LOOP('',(#3082,#3083,#3084,#3093,#3101,#3110,#3116));
#3082 = ORIENTED_EDGE('',*,*,#3069,.F.);
#3083 = ORIENTED_EDGE('',*,*,#3014,.T.);
#3084 = ORIENTED_EDGE('',*,*,#3085,.F.);
#3085 = EDGE_CURVE('',#3086,#3015,#3088,.T.);
#3086 = VERTEX_POINT('',#3087);
#3087 = CARTESIAN_POINT('',(8.734896258265E-16,7.922890213538,
    -2.07264638195));
#3088 = CIRCLE('',#3089,0.635);
#3089 = AXIS2_PLACEMENT_3D('',#3090,#3091,#3092);
#3090 = CARTESIAN_POINT('',(1.124572657218E-15,7.493,-2.54));
#3091 = DIRECTION('',(-1.,1.665334536938E-16,-5.551115123126E-17));
#3092 = DIRECTION('',(1.665334536938E-16,1.,5.551115123126E-17));
#3093 = ORIENTED_EDGE('',*,*,#3094,.T.);
#3094 = EDGE_CURVE('',#3086,#3095,#3097,.T.);
#3095 = VERTEX_POINT('',#3096);
#3096 = CARTESIAN_POINT('',(8.218630363069E-16,6.992868256245,
    -1.21717565834));
#3097 = LINE('',#3098,#3099);
#3098 = CARTESIAN_POINT('',(3.189585730096E-15,7.178182984081,
    -1.387635423375));
#3099 = VECTOR('',#3100,1.);
#3100 = DIRECTION('',(-8.498631724984E-17,-0.735989949685,0.676992462264
    ));
#3101 = ORIENTED_EDGE('',*,*,#3102,.F.);
#3102 = EDGE_CURVE('',#3103,#3095,#3105,.T.);
#3103 = VERTEX_POINT('',#3104);
#3104 = CARTESIAN_POINT('',(7.657136811558E-16,5.981371396503,
    -1.199211362071));
#3105 = CIRCLE('',#3106,0.762);
#3106 = AXIS2_PLACEMENT_3D('',#3107,#3108,#3109);
#3107 = CARTESIAN_POINT('',(1.054073495155E-15,6.477,-1.778));
#3108 = DIRECTION('',(-1.,1.665334536938E-16,-5.551115123126E-17));
#3109 = DIRECTION('',(1.665334536938E-16,1.,5.551115123126E-17));
#3110 = ORIENTED_EDGE('',*,*,#3111,.T.);
#3111 = EDGE_CURVE('',#3103,#2916,#3112,.T.);
#3112 = LINE('',#3113,#3114);
#3113 = CARTESIAN_POINT('',(9.136161530173E-16,4.277941512345,
    -2.657893373629));
#3114 = VECTOR('',#3115,1.);
#3115 = DIRECTION('',(-1.625991931709E-16,-0.759565141639,
    -0.650431238185));
#3116 = ORIENTED_EDGE('',*,*,#2923,.T.);
#3117 = PLANE('',#3118);
#3118 = AXIS2_PLACEMENT_3D('',#3119,#3120,#3121);
#3119 = CARTESIAN_POINT('',(8.312961430335E-16,2.921,-4.5212));
#3120 = DIRECTION('',(1.,3.08148791102E-33,1.110223024625E-16));
#3121 = DIRECTION('',(5.551115123126E-17,1.665334536938E-16,1.));
#3122 = ADVANCED_FACE('',(#3123),#3134,.F.);
#3123 = FACE_BOUND('',#3124,.F.);
#3124 = EDGE_LOOP('',(#3125,#3126,#3132,#3133));
#3125 = ORIENTED_EDGE('',*,*,#2984,.F.);
#3126 = ORIENTED_EDGE('',*,*,#3127,.T.);
#3127 = EDGE_CURVE('',#2976,#3103,#3128,.T.);
#3128 = LINE('',#3129,#3130);
#3129 = CARTESIAN_POINT('',(-16.51,5.981371396503,-1.199211362071));
#3130 = VECTOR('',#3131,1.);
#3131 = DIRECTION('',(1.,1.665334536938E-16,3.885780586188E-16));
#3132 = ORIENTED_EDGE('',*,*,#3111,.T.);
#3133 = ORIENTED_EDGE('',*,*,#2915,.F.);
#3134 = PLANE('',#3135);
#3135 = AXIS2_PLACEMENT_3D('',#3136,#3137,#3138);
#3136 = CARTESIAN_POINT('',(-16.51,5.981371396503,-1.199211362071));
#3137 = DIRECTION('',(1.323084500757E-16,0.650431238185,-0.759565141639)
  );
#3138 = DIRECTION('',(-4.034689086178E-16,-0.759565141639,
    -0.650431238185));
#3139 = ADVANCED_FACE('',(#3140),#3151,.T.);
#3140 = FACE_BOUND('',#3141,.F.);
#3141 = EDGE_LOOP('',(#3142,#3143,#3149,#3150));
#3142 = ORIENTED_EDGE('',*,*,#2975,.F.);
#3143 = ORIENTED_EDGE('',*,*,#3144,.T.);
#3144 = EDGE_CURVE('',#2968,#3095,#3145,.T.);
#3145 = LINE('',#3146,#3147);
#3146 = CARTESIAN_POINT('',(-16.51,6.992868256245,-1.21717565834));
#3147 = VECTOR('',#3148,1.);
#3148 = DIRECTION('',(1.,1.665334536938E-16,3.885780586188E-16));
#3149 = ORIENTED_EDGE('',*,*,#3102,.F.);
#3150 = ORIENTED_EDGE('',*,*,#3127,.F.);
#3151 = CYLINDRICAL_SURFACE('',#3152,0.762);
#3152 = AXIS2_PLACEMENT_3D('',#3153,#3154,#3155);
#3153 = CARTESIAN_POINT('',(-16.51,6.477,-1.778));
#3154 = DIRECTION('',(-1.,-1.110223024625E-16,-3.330669073875E-16));
#3155 = DIRECTION('',(3.885780586188E-16,1.,1.665334536938E-16));
#3156 = ADVANCED_FACE('',(#3157),#3168,.F.);
#3157 = FACE_BOUND('',#3158,.F.);
#3158 = EDGE_LOOP('',(#3159,#3160,#3166,#3167));
#3159 = ORIENTED_EDGE('',*,*,#2967,.F.);
#3160 = ORIENTED_EDGE('',*,*,#3161,.T.);
#3161 = EDGE_CURVE('',#2959,#3086,#3162,.T.);
#3162 = LINE('',#3163,#3164);
#3163 = CARTESIAN_POINT('',(-16.51,7.922890213538,-2.07264638195));
#3164 = VECTOR('',#3165,1.);
#3165 = DIRECTION('',(1.,1.665334536938E-16,3.885780586188E-16));
#3166 = ORIENTED_EDGE('',*,*,#3094,.T.);
#3167 = ORIENTED_EDGE('',*,*,#3144,.F.);
#3168 = PLANE('',#3169);
#3169 = AXIS2_PLACEMENT_3D('',#3170,#3171,#3172);
#3170 = CARTESIAN_POINT('',(-16.51,7.922890213538,-2.07264638195));
#3171 = DIRECTION('',(-3.071950845343E-16,-0.676992462264,
    -0.735989949685));
#3172 = DIRECTION('',(-1.732476529462E-16,-0.735989949685,0.676992462264
    ));
#3173 = ADVANCED_FACE('',(#3174),#3180,.T.);
#3174 = FACE_BOUND('',#3175,.F.);
#3175 = EDGE_LOOP('',(#3176,#3177,#3178,#3179));
#3176 = ORIENTED_EDGE('',*,*,#2958,.F.);
#3177 = ORIENTED_EDGE('',*,*,#3022,.T.);
#3178 = ORIENTED_EDGE('',*,*,#3085,.F.);
#3179 = ORIENTED_EDGE('',*,*,#3161,.F.);
#3180 = CYLINDRICAL_SURFACE('',#3181,0.635);
#3181 = AXIS2_PLACEMENT_3D('',#3182,#3183,#3184);
#3182 = CARTESIAN_POINT('',(-16.51,7.493,-2.54));
#3183 = DIRECTION('',(-1.,-1.110223024625E-16,-3.330669073875E-16));
#3184 = DIRECTION('',(3.885780586188E-16,1.,1.665334536938E-16));
#3185 = ( GEOMETRIC_REPRESENTATION_CONTEXT(3) 
GLOBAL_UNCERTAINTY_ASSIGNED_CONTEXT((#3189)) 
GLOBAL_UNIT_ASSIGNED_CONTEXT((#3186,#3187,#3188)) REPRESENTATION_CONTEXT
('Context #1','3D Context with UNIT and UNCERTAINTY') );
#3186 = ( LENGTH_UNIT() NAMED_UNIT(*) SI_UNIT(.MILLI.,.METRE.) );
#3187 = ( NAMED_UNIT(*) PLANE_ANGLE_UNIT() SI_UNIT($,.RADIAN.) );
#3188 = ( NAMED_UNIT(*) SI_UNIT($,.STERADIAN.) SOLID_ANGLE_UNIT() );
#3189 = UNCERTAINTY_MEASURE_WITH_UNIT(LENGTH_MEASURE(1.E-05),#3186,
  'distance_accuracy_value','confusion accuracy');
#3190 = CONTEXT_DEPENDENT_SHAPE_REPRESENTATION(#3191,#3193);
#3191 = ( REPRESENTATION_RELATIONSHIP('','',#474,#10) 
REPRESENTATION_RELATIONSHIP_WITH_TRANSFORMATION(#3192) 
SHAPE_REPRESENTATION_RELATIONSHIP() );
#3192 = ITEM_DEFINED_TRANSFORMATION('','',#11,#19);
#3193 = PRODUCT_DEFINITION_SHAPE('Placement','Placement of an item',
  #3194);
#3194 = NEXT_ASSEMBLY_USAGE_OCCURRENCE('576','Body','',#5,#469,$);
#3195 = PRODUCT_RELATED_PRODUCT_CATEGORY('part',$,(#471));
#3196 = MECHANICAL_DESIGN_GEOMETRIC_PRESENTATION_REPRESENTATION('',(
    #3197),#426);
#3197 = STYLED_ITEM('color',(#3198),#84);
#3198 = PRESENTATION_STYLE_ASSIGNMENT((#3199,#3205));
#3199 = SURFACE_STYLE_USAGE(.BOTH.,#3200);
#3200 = SURFACE_SIDE_STYLE('',(#3201));
#3201 = SURFACE_STYLE_FILL_AREA(#3202);
#3202 = FILL_AREA_STYLE('',(#3203));
#3203 = FILL_AREA_STYLE_COLOUR('',#3204);
#3204 = COLOUR_RGB('',0.796078452645,0.823529417451,0.937254901616);
#3205 = CURVE_STYLE('',#3206,POSITIVE_LENGTH_MEASURE(0.1),#3207);
#3206 = DRAUGHTING_PRE_DEFINED_CURVE_FONT('continuous');
#3207 = COLOUR_RGB('',9.803921802644E-02,9.803921802644E-02,
  9.803921802644E-02);
#3208 = MECHANICAL_DESIGN_GEOMETRIC_PRESENTATION_REPRESENTATION('',(
    #3209),#3185);
#3209 = STYLED_ITEM('color',(#3210),#475);
#3210 = PRESENTATION_STYLE_ASSIGNMENT((#3211,#3217));
#3211 = SURFACE_STYLE_USAGE(.BOTH.,#3212);
#3212 = SURFACE_SIDE_STYLE('',(#3213));
#3213 = SURFACE_STYLE_FILL_AREA(#3214);
#3214 = FILL_AREA_STYLE('',(#3215));
#3215 = FILL_AREA_STYLE_COLOUR('',#3216);
#3216 = COLOUR_RGB('',1.,1.,0.941176459967);
#3217 = CURVE_STYLE('',#3218,POSITIVE_LENGTH_MEASURE(0.1),#3207);
#3218 = DRAUGHTING_PRE_DEFINED_CURVE_FONT('continuous');
ENDSEC;
END-ISO-10303-21;
